date,temp,flow,SRP,sun3d,sun,silicon,nitrate,chl,diatoms,p-chloro,n-chloro,totCyano,totCrypto,totPhyto
2011-02-28,7.9,120.7,115.0,0.5,0.0,5.02,30.5747,5.62,899.4264876,2496.269236,1365.973917,293.3958061,72.1465097,5127.211956
2011-03-07,7.2,64.34,91.0,5.433333333,9.5,5.31,32.9649,3.98,966.76323,2299.068776,1433.310659,197.2004598,115.4344155,5011.77754
2011-03-14,8.9,51.59,104.0,4.733333333,7.0,4.81,34.4106,4.56,1539.12554,2871.431086,1139.914853,96.19534626,81.76604432,5728.43287
2011-03-21,9.4,45.88,90.0,4.7,7.0,4.35,33.85602222,1.28,1192.822294,5367.700322,1760.374837,129.8637175,149.1027867,8599.863956
2011-03-28,11.5,40.04,87.0,4.266666667,5.9,3.54,32.29847556,8.74,2313.498078,8628.72256,2015.292504,245.298133,226.0590637,13428.87034
2011-04-05,11.8,36.14,38.0,2.1,0.0,2.62,29.0967,92.35,30825.79871,10321.76065,7940.925834,812.8506759,1087.007413,50988.34329
2011-04-11,15.0,32.21,66.0,8.966666667,4.8,3.08,29.2036,50.49,17608.55813,26737.49649,12991.18151,591.6013795,1433.310659,59362.14818
2011-04-18,14.1,29.43,79.0,5.566666667,6.5,3.295,30.2634,14.98,4184.497562,49030.76799,15458.59214,769.5627701,3318.739446,72762.15991
2011-04-26,16.5,25.85,7.0,7.766666667,2.8,0.02,21.9136,294.55,38482.94827,29214.52666,5790.959845,798.421374,2452.98133,76739.83748
2011-05-03,15.3,22.89,3.0,10.86666667,11.5,0.11,21.8811,145.58,21562.18687,9263.611845,4583.708249,779.1823047,1428.500892,37617.19016
2011-05-09,17.3,26.69,3.0,7.5,11.3,1.04,22.1228,188.71,34312.88001,7450.329568,7984.21374,827.2799779,2852.192017,53426.89532
2011-05-17,16.0,20.75,7.0,2.6,0.8,0.84,20.4322,275.87,64787.56571,5896.774726,7132.884925,1500.647402,2924.338526,82242.21129
2011-05-23,16.6,19.08,50.0,12.26666667,11.9,5.18,26.6154,104.27,20677.18968,18498.36509,101495.7098,3371.646887,2318.307845,146361.2193
2011-05-31,15.7,19.5,172.0,4.3,10.3,5.33,28.3298,13.75,1192.822294,85835.10747,21446.75245,3020.533873,312.6348754,111807.851
2011-06-06,17.0,19.89,164.0,3.1,2.9,4.75,27.6844,5.39,524.2646371,61512.11417,8652.771396,2250.971103,865.7581164,73805.87942
2011-06-13,17.2,22.77,207.0,4.9,6.5,5.24,28.8667,4.06,230.868831,93559.59378,7859.15979,894.6167203,461.7376621,103005.9768
2011-06-21,17.6,18.89,225.0,5.166666667,8.2,5.17,27.2404,6.01,495.4060333,170058.9429,9306.899751,1274.588338,1529.506006,182665.343
2011-06-27,19.4,17.91,189.0,6.0,5.5,7.05,24.3952085,8.68,702.2260277,104059.3158,12909.41547,1409.261823,880.1874183,119960.4066
2011-07-04,19.3,13.32,143.0,5.266666667,2.2,5.45,25.502,7.12,783.9920721,92708.26496,14765.98565,1952.765529,1019.67067,111230.6789
2011-07-11,19.5,16.62,166.0,5.466666667,8.9,5.69,27.0326,10.08,548.3134737,73469.19571,6406.610061,3847.813851,981.1925319,85253.12563
2011-07-18,17.9,18.3,164.0,2.5,0.7,5.2,26.349,3.34,259.7274349,47169.38804,3506.320371,2000.863202,341.4934792,53277.79253
2011-07-25,18.9,15.01,192.0,10.33333333,11.1,4.68,26.4517518,8.58,394.4009197,70559.28648,8210.272804,1592.032981,1587.223213,82343.2164
2011-08-01,20.3,11.6,200.0,9.333333333,9.0,4.4,24.595,4.69,344.6999908,73942.15616,2781.648763,2363.199007,732.6878874,80164.39181
2011-08-08,18.8,15.35,214.0,4.466666667,7.6,4.55,24.3358,2.55,134.6734848,33139.29679,4540.420344,6103.59472,822.4702106,44740.45555
2011-08-15,19.2,12.45,293.0,4.7,7.3,5.78,24.4453,3.84,120.2441828,44860.69973,5858.296587,12462.10711,601.2209142,63902.56852
2011-08-23,17.3,15.83,322.0,5.0,0.0,5.89,25.0052,3.42,86.57581164,46625.88433,1919.097158,5098.353352,1308.256709,55038.16737
2011-08-30,16.3,19.21,253.0,3.166666667,0.0,6.12,24.6058,3.18,76.95627701,42879.0756,2255.78087,2611.703651,495.4060333,48318.92243
2011-09-05,17.0,17.48,247.0,3.266666667,4.7,5.93,24.5656,2.3,86.57581164,40267.37195,2313.498078,2303.878543,495.4060333,45466.73041
2011-09-13,16.7,15.53,232.0,7.0,7.6,6.22,27.8301,3.59,91.38557895,73411.4785,2991.675269,2741.567369,197.2004598,79433.30718
2011-09-19,16.0,14.52,248.0,3.333333333,2.8,5.78,27.9835,2.48,28.85860388,49112.53404,1601.652515,1659.369723,1192.822294,53595.23717
2011-09-26,16.2,14.7,192.0,3.433333333,3.7,5.83,29.4141,2.25,62.52697507,105059.7474,1019.67067,1240.919967,317.4446427,107700.3097
2011-10-03,17.9,12.56,202.0,8.0,6.6,5.63,30.0334,2.27,62.52697507,61704.50486,1289.01764,1082.197645,649.3185873,64787.56571
2011-10-10,15.8,12.96,251.0,0.2,0.0,6.15,34.5614,2.31,38.47813851,49737.80379,1043.719507,548.3134737,153.912554,51522.22746
2011-10-17,14.3,12.16,224.0,4.333333333,1.0,6.46,32.56582702,3.43,43.28790582,55485.47573,904.2362549,495.4060333,384.7813851,57313.1873
2011-10-25,13.0,13.83,226.0,4.533333333,4.6,6.61,31.37490175,1.74,28.85860388,36688.90507,538.6939391,726.2748643,365.5423158,38348.27479
2011-10-31,13.0,14.98,258.0,1.833333333,0.7,6.45,32.56096347,1.12,38.47813851,17223.77675,1082.197645,341.4934792,115.4344155,18801.38043
2011-11-07,12.4,19.6,308.0,0.633333333,0.0,6.74,31.02284741,2.03,24.04883657,14184.00381,942.7143934,432.8790582,125.0539501,15708.70004
2011-11-14,11.7,16.39,277.0,2.533333333,0.0,7.23,28.76777884,0.9,0.0,6637.478892,327.0641773,327.0641773,182.7711579,7474.378405
2011-11-21,10.3,14.6,273.0,2.066666667,0.0,7.76,32.85660263,0.9,0.0,15958.80795,1183.202759,591.6013795,149.1027867,17882.71487
2011-11-28,8.9,14.47,281.0,2.066666667,0.0,8.12,34.72878315,0.92,9.619534626,14943.94704,981.1925319,808.0409086,216.4395291,16959.23955
2011-12-05,8.0,16.26,288.0,2.066666667,3.2,7.51,37.59152104,0.69,4.809767313,8248.750942,735.8943989,423.2595236,216.4395291,9629.154161
2011-12-12,6.4,23.74,275.0,2.9,4.9,7.38,35.52178014,0.93,28.85860388,4785.718477,336.6837119,211.6297618,278.9665042,5641.857058
2011-12-19,4.7,33.89,279.0,2.5,0.0,6.14,32.79242341,1.0,67.33674239,4203.736632,663.7478892,259.7274349,101.0051136,5295.553812
2012-01-03,8.1,49.15,234.0,2.433333333,1.6,6.41,32.6872,1.15,101.0051136,2255.78087,456.9278948,365.5423158,139.4832521,3318.739446
2012-01-09,7.8,40.99,222.0,1.833333333,0.7,5.68,30.22329336,1.23,163.5320886,2832.952947,543.5037064,206.8199945,76.95627701,3823.765014
2012-01-16,6.3,26.17,221.0,5.233333333,5.7,6.04,33.98415747,1.37,192.3906925,2731.947834,336.6837119,105.8148809,43.28790582,3410.125025
2012-01-23,7.6,29.99,211.0,1.033333333,0.0,6.18,34.6623,1.32,134.6734848,2198.063662,322.25441,86.57581164,81.76604432,2823.333413
2012-01-30,6.4,35.09,194.0,1.3,3.5,5.41,33.373,2.11,466.5474294,2688.659928,331.8739446,134.6734848,67.33674239,3689.091529
2012-02-07,6.35,37.88,204.0,0.733333333,2.1,5.49,33.69810599,2.1,586.7916122,2808.904111,437.6888255,120.2441828,48.09767313,4001.726405
2012-02-20,6.3,33.78,308.0,2.666666667,1.8,4.86,35.14151271,11.25,4093.111984,7753.344909,1438.120427,206.8199945,86.57581164,13577.97313
2012-02-27,9.2,27.34,148.0,4.866666667,0.0,4.18,33.90136205,6.01,1361.16415,8691.249535,904.2362549,221.2492964,211.6297618,11389.529
2012-03-05,9.3,58.85,171.0,4.333333333,7.3,3.51,33.06488607,6.03,2486.649701,13289.38709,1135.105086,317.4446427,245.298133,17473.88465
2012-03-12,9.9,31.79,161.0,4.266666667,2.1,3.68,30.50607715,10.02,4227.785468,15290.25029,2154.775756,360.7325485,240.4883657,22274.03243
2012-03-19,10.2,26.11,200.0,4.3,10.0,4.31,31.41100681,2.96,1139.914853,11086.51366,909.0460222,259.7274349,125.0539501,13520.25592
2012-03-26,12.5,22.6,195.0,8.9,10.6,3.68,30.26709152,6.47,2635.752488,19441.07948,1596.842748,1365.973917,2231.732033,27271.38067
2012-04-10,11.1,23.17,6.0,3.033333333,8.9,0.79,24.64674612,193.82,40844.54402,17243.01582,4506.751972,495.4060333,7517.666311,70607.38416
2012-04-16,11.0,21.55,41.0,6.6,8.9,1.67,25.76909251,242.84,6988.591906,3054.202244,2751.186903,841.7092798,716.6553297,14352.34566
2012-04-23,11.1,38.2,192.0,5.266666667,0.9,2.8,25.82416797,33.26,11322.19226,58275.14077,14049.33032,5627.427756,1289.01764,90563.10874
2012-04-30,11.3,181.4,159.0,4.066666667,9.8,4.18,23.8550425,26.74,2135.536687,11235.61644,5252.265906,4747.240338,1721.896698,25092.55607
2012-05-08,10.9,116.1,127.0,3.033333333,3.9,5.22,23.46161631,5.98,904.2362549,5295.553812,2284.639474,2053.770643,303.0153407,10841.21552
2012-05-14,13.1,90.72,123.0,8.266666667,2.5,4.66,22.7602,10.02,1519.886471,5920.823563,5632.237524,2385.644587,365.5423158,15824.13446
2012-05-21,12.8,55.73,124.0,1.0,3.0,4.42,26.4223,5.25,1577.603679,8171.794665,9956.218338,884.9971856,365.5423158,20956.15618
2012-05-29,20.5,36.09,141.0,10.96666667,10.5,3.51,26.4648,46.6,9912.930433,35231.54557,62074.85694,2318.307845,5810.198914,115347.8397
2012-06-06,16.1,55.64,158.0,1.7,3.9,4.11,27.6182,5.92,562.7427756,14679.40984,4247.024538,533.8841718,389.5911524,20412.65248
2012-06-11,14.8,83.0,157.0,2.933333333,0.0,5.15,24.2906,5.63,615.6502161,5497.564039,2645.372022,630.079518,240.4883657,9629.154161
2012-06-18,15.6,86.03,158.0,5.333333333,6.2,6.15,18.433,4.56,562.7427756,6584.571452,4242.21477,884.9971856,312.6348754,12587.16106
2012-06-25,16.8,92.69,166.0,7.3,9.5,5.46,21.33291973,2.94,456.9278948,10951.84017,5449.466366,2034.531573,379.9716177,19272.73762
2012-07-03,17.4,54.84,190.0,2.866666667,0.0,5.97,21.61340774,2.47,206.8199945,7344.514687,3063.821779,986.0022992,125.0539501,11726.21271
2012-07-09,17.1,111.8,151.0,2.1,0.0,5.16,19.63216399,5.64,370.3520831,7633.100726,2452.98133,2308.68831,721.465097,13486.58755
2012-07-16,16.0,110.3,109.0,2.333333333,0.4,5.7,18.39198941,5.19,283.7762715,4800.147779,1861.37995,1601.652515,235.6785983,8782.635114
2012-07-23,18.8,56.98,130.0,10.46666667,13.5,5.76,19.81968141,2.92,338.2869677,9138.557895,5064.684981,1425.29438,341.4934792,16308.3177
2012-07-30,19.0,43.02,111.0,10.43,11.0,5.58,24.89493013,4.63,182.7711579,23981.49982,7628.290959,4247.024538,1197.632061,37237.21854
2012-08-06,18.3,60.14,146.0,6.633333333,5.7,4.77,25.16072096,3.37,96.19534626,34861.19349,7286.79748,4891.533358,1572.793911,48708.51358
2012-08-13,19.6,36.62,184.0,5.1,0.5,5.17,25.0137,1.75,187.5809252,52864.15254,5074.304515,5661.096128,716.6553297,64503.78944
2012-08-20,20.5,36.39,182.0,9.466666667,6.9,5.43,25.0969,3.61,105.8148809,131734.7169,9802.305784,13053.70849,1803.662742,156500.2088
2012-08-28,18.1,34.61,183.0,6.366666667,10.8,5.74,25.6057,2.08,81.76604432,115852.8653,5247.456139,8542.146748,1548.745075,131272.9793
2012-09-03,17.3,36.79,153.0,4.833333333,9.2,5.42,24.8808,1.98,221.2492964,110153.291,6719.244937,5132.021723,577.1720776,122802.979
2012-09-11,18.7,28.91,189.0,6.066666667,10.1,5.98,26.33947633,3.12,101.0051136,47130.9099,3001.294803,3155.207357,793.6116067,54182.02878
2012-09-17,16.2,26.71,163.0,5.133333333,3.8,5.76,27.45104921,2.06,28.85860388,59900.84212,2178.824593,2491.459468,1404.452055,66004.43684
2012-09-24,13.9,60.9,112.0,3.633333333,2.1,5.56,29.50629154,2.58,43.28790582,47126.10013,1649.750188,1452.549729,408.8302216,50680.51818
2012-10-02,13.5,42.21,188.0,2.533333333,3.8,5.66,30.77827491,1.38,57.71720776,2015.292504,553.123241,630.079518,105.8148809,3362.027352
2012-10-09,11.6,98.47,161.0,0.633333333,1.5,5.2,27.842,3.73,245.298133,3616.94502,1149.534388,1115.866017,312.6348754,6440.278432
2012-10-15,11.1,70.67,142.0,4.4,1.1,5.81,27.07891547,1.64,163.5320886,2082.629247,533.8841718,399.210687,76.95627701,3256.212471
2012-10-23,12.3,102.5,118.0,0.6,0.0,6.06,25.34917976,2.6,216.4395291,2145.156222,620.4599834,755.1334682,226.0590637,3963.248266
2012-10-29,10.5,59.23,122.0,2.4,1.0,6.42,26.82171504,0.9,86.57581164,1418.881357,259.7274349,235.6785983,52.90744045,2053.770643
2012-11-05,8.0,154.0,140.0,4.2,7.3,5.73,25.37890759,3.16,192.3906925,2183.63436,505.0255679,716.6553297,192.3906925,3790.096643
2012-11-12,8.2,88.78,111.0,2.3,0.0,5.85,25.91177387,1.87,144.2930194,923.4753241,274.1567369,303.0153407,240.4883657,1885.428787
2012-11-19,8.8,63.68,129.0,1.8,0.0,6.2,28.76094207,0.91,144.2930194,995.6218338,153.912554,96.19534626,43.28790582,1433.310659
2012-11-26,8.5,259.8,127.0,1.333333333,0.0,5.27,17.88552052,10.96,283.7762715,3010.914338,808.0409086,1390.022754,471.3571967,5964.111468
2012-12-03,4.2,228.6,94.0,1.1,0.4,5.62,25.89079188,1.57,96.19534626,1226.490665,153.912554,226.0590637,129.8637175,1832.521346
2012-12-10,5.3,129.5,90.0,3.666666667,4.9,5.56,29.48734149,0.88,72.1465097,615.6502161,67.33674239,163.5320886,62.52697507,981.1925319
2012-12-17,6.0,162.4,105.0,4.333333333,4.9,5.16,27.5129551,1.61,96.19534626,1130.295319,177.9613906,519.4548698,197.2004598,2121.107385
2013-01-07,8.6,199.9,95.0,0.0,0.0,5.29,26.8083268,0.91,52.90744045,721.465097,105.8148809,250.1079003,76.95627701,1207.251596
2013-01-14,5.9,136.5,94.0,1.3,0.1,5.72,29.36037038,0.89,72.1465097,904.2362549,197.2004598,163.5320886,81.76604432,1418.881357
2013-01-21,3.6,107.7,92.0,0.0,0.0,5.85,30.27310064,0.9,86.57581164,827.2799779,245.298133,177.9613906,129.8637175,1466.979031
2013-01-28,5.6,209.9,99.0,3.433333333,0.0,5.11,25.85766522,2.01,177.9613906,1212.061363,264.5372022,442.4985928,177.9613906,2275.019939
2013-02-04,6.4,220.8,83.0,3.933333333,3.4,4.56,24.4102,1.54,206.8199945,1543.935308,322.25441,437.6888255,120.2441828,2630.94272
2013-02-11,5.4,214.9,103.0,0.0,0.0,5.01,27.04954233,2.87,158.7223213,1842.140881,221.2492964,298.2055734,33.66837119,2553.986443
2013-02-18,6.5,201.3,76.0,4.666666667,7.0,4.09,25.50811887,2.73,466.5474294,2284.639474,336.6837119,202.0102272,96.19534626,3386.076189
2013-02-25,4.3,105.7,95.0,0.0,0.0,5.17,32.75671319,1.63,365.5423158,2380.83482,245.298133,144.2930194,57.71720776,3193.685496
2013-03-04,6.2,86.19346341,101.0,3.066666667,8.3,5.39,33.9189,2.27,649.3185873,3386.076189,399.210687,96.19534626,177.9613906,4708.7622
2013-03-11,6.6,104.3545882,108.0,0.133333333,0.4,5.0,28.49579555,4.72,1212.061363,2794.474809,663.7478892,355.9227812,211.6297618,5237.836604
2013-03-18,6.6,218.3799076,103.0,0.633333333,0.3,4.53,25.47945637,7.87,2265.400405,3006.104571,1183.202759,668.5576565,519.4548698,7642.720261
2013-03-25,3.9,184.8506385,98.0,0.0,0.0,4.3,23.59694787,4.76,1731.516233,2674.230626,1543.935308,548.3134737,211.6297618,6709.625402
2013-04-02,6.3,93.11379518,80.0,6.133333333,11.5,4.96,30.15579139,3.64,2409.693424,2933.958061,1745.945535,177.9613906,86.57581164,7354.134222
2013-04-08,7.1,72.43762473,91.0,4.4,0.2,4.64,32.21340532,8.31,6305.604948,3405.315258,4045.01431,115.4344155,110.6246482,13981.99358
2013-04-15,11.0,99.23105906,76.0,2.933333333,3.8,3.8,26.94971787,20.13,14563.97542,4703.952432,12380.34106,288.5860388,456.9278948,32393.78285
2013-04-23,12.4,66.02562107,86.0,6.3,12.5,3.38,28.02384251,25.75,20566.56503,15458.59214,8171.794665,634.8892853,735.8943989,45567.73553
2013-04-29,12.3,56.34009004,78.0,6.133333333,11.2,2.91,26.5334474,28.44,6156.502161,13929.08614,5367.700322,697.4162604,649.3185873,26800.02347
2013-05-07,15.5,45.40779232,6.0,9.766666667,13.2,0.33,24.06355995,222.95,87037.5493,7373.373291,40175.98637,1683.41856,5819.818449,142090.146
2013-05-13,13.9,52.34080072,0.0,6.1,8.2,0.81,23.79915002,221.05,65028.05407,3203.305031,17411.35767,1130.295319,3362.027352,90135.03945
2013-05-20,13.6,47.96882902,12.0,2.8,0.1,2.59,26.15351719,158.31,60261.57467,4530.800809,18584.9409,1298.637175,1197.632061,85873.58561
2013-05-28,13.7,56.1815879,17.0,8.5,0.0,3.16,24.98055922,252.31,72064.74365,8652.771396,58270.331,2029.721806,1986.4339,143004.0018
2013-06-03,15.9,42.97461672,77.0,13.5,14.1,3.5,27.74905502,128.22,53883.82321,13246.09918,71280.75158,2505.88877,2770.425972,143686.9887
2013-06-10,16.1,35.84081264,64.0,6.7,0.5,3.92,27.7271,180.66,35625.94649,8431.5221,21600.665,4857.864986,3549.608277,74065.60686
2013-06-17,15.8,33.22006042,115.0,3.1,1.2,5.08,24.6836,75.95,20484.79899,20388.60364,32643.89075,5271.504975,1014.860903,79803.65926
2013-06-24,16.1,30.13619985,181.0,3.766666667,4.5,6.15,27.02007514,15.19,5435.037064,26309.4272,15795.27586,4035.394776,514.6451025,52089.78
2013-07-01,19.4,28.13800423,82.0,8.833333333,9.0,4.94,25.39680911,141.69,44870.31926,7734.10584,12043.65735,1798.852975,2991.675269,69438.6107
2013-07-08,21.0,22.29405461,245.0,12.36666667,12.9,6.82,27.10025315,30.1,5035.826377,53811.6767,27660.97182,13549.11452,1572.793911,101630.3833
2013-07-15,22.6,19.13373555,224.0,11.43333333,11.0,6.71,26.4169,14.36,2092.248781,201500.3918,31364.49265,59948.93979,1678.608792,296584.6818
2013-07-22,22.9,16.64990842,209.0,7.966666667,10.6,6.48,23.92372437,6.6,986.0022992,86431.51862,8691.249535,35515.32184,572.3623103,132196.4546
2013-07-29,21.6,25.06179182,220.0,6.833333333,7.1,6.89,24.08692091,5.76,1678.608792,84926.06145,8845.162089,22615.52591,413.6399889,118478.9982
2013-08-05,20.8,21.97640391,249.0,4.933333333,1.8,6.43,23.13957344,8.35,1731.516233,94054.99981,7339.70492,17243.01582,480.9767313,120850.2135
2013-08-12,19.7,17.25061227,259.0,8.6,8.7,6.56,25.2313,9.85,966.76323,128699.7538,4203.736632,18892.76601,577.1720776,153340.1917
2013-08-19,18.9,17.01175963,238.0,6.966666667,9.3,6.71,27.4657,2.21,519.4548698,98629.08852,5208.978,9032.743014,505.0255679,113895.29
2013-08-27,19.2,17.54406381,251.0,8.4,10.4,6.78,28.33415465,5.67,716.6553297,90986.36826,3665.042693,13914.65684,538.6939391,109821.4171
2013-09-02,19.0,14.75310035,239.0,8.733333333,10.1,6.49,27.70038597,6.73,961.9534626,62878.08809,5834.247751,14948.75681,1144.724621,85767.77073
2013-09-10,16.8,17.8420114,247.0,3.166666667,3.0,6.65,28.31990694,5.46,735.8943989,72521.67155,4550.039878,14477.39961,548.3134737,92833.31891
2013-09-16,14.6,26.03587714,208.0,3.566666667,9.5,6.53,27.51624663,1.98,202.0102272,43052.22722,3227.353867,7469.568637,202.0102272,54153.17018
2013-09-23,14.9,18.43409491,211.0,1.333333333,0.0,6.6,28.23100371,3.26,153.912554,59655.54399,2900.28969,5093.543585,389.5911524,68192.88097
2013-09-30,15.5,15.83368789,233.0,2.666666667,0.1,6.75,29.5087349,4.26,221.2492964,89769.49713,3703.520831,3665.042693,557.9330083,97917.24296
2013-10-07,15.8,15.21260206,201.0,4.6,2.9,6.889,28.47268625,2.51,168.341856,61637.16812,3342.788283,1923.906925,355.9227812,67428.12796
2013-10-14,12.8,25.32712431,233.0,1.466666667,0.2,7.27,31.16747021,2.27,81.76604432,25924.64582,2356.785983,1202.441828,278.9665042,29844.60618
2013-10-21,13.2,34.44908205,241.0,1.133333333,0.1,6.6,27.63529967,3.06,101.0051136,31956.09403,1827.711579,1226.490665,81.76604432,35193.06743
2013-10-28,13.6,64.83817933,218.0,3.033333333,2.7,5.93,27.98908739,4.45,206.8199945,9970.64764,1279.398105,500.2158006,206.8199945,12163.90154
2013-11-04,11.1,66.2387651,183.0,6.1,6.7,6.16,34.59858666,2.62,240.4883657,3588.086416,702.2260277,389.5911524,125.0539501,5045.445912
2013-11-11,9.0,71.22057146,151.0,2.166666667,0.0,5.84,34.14299177,3.67,235.6785983,3347.59805,678.1771912,418.4497562,254.9176676,4934.821263
2013-11-18,8.4,47.18624308,134.0,0.0,0.0,5.52,34.25341296,1.85,163.5320886,2005.67297,312.6348754,139.4832521,52.90744045,2674.230626
2013-11-25,6.9,44.8511232,138.0,0.733333333,0.0,5.48,31.70672716,1.66,177.9613906,1192.822294,226.0590637,76.95627701,67.33674239,1741.135767
2013-12-02,7.5,35.61033661,148.0,0.4,0.0,5.55,32.60189727,1.17,153.912554,1519.886471,259.7274349,129.8637175,168.341856,2231.732033
2013-12-09,7.2,34.93740734,147.0,2.5,4.2,5.75,32.73167781,1.21,110.6246482,1481.408332,341.4934792,48.09767313,33.66837119,2015.292504
2013-01-06,7.6,310.5494266,135.0,0.333333333,1.0,4.88,18.78118375,2.44,57.71720776,1818.092044,336.6837119,456.9278948,163.5320886,2832.952947
2014-01-13,5.8,323.5185781,115.0,4.166666667,5.2,5.13,23.80139237,1.38,62.52697507,1298.637175,240.4883657,177.9613906,96.19534626,1875.809252
2014-01-20,6.9,274.2387492,104.0,2.4,2.3,4.71,24.42838764,1.14,105.8148809,1322.686011,264.5372022,158.7223213,125.0539501,1976.814366
2014-01-27,6.7,224.7234721,100.0,1.033333333,2.7,4.31,24.97838657,2.52,331.8739446,1197.632061,379.9716177,317.4446427,115.4344155,2342.356682
2014-02-03,6.2,298.4695458,85.0,4.166666667,0.3,3.92,21.5237,3.01,519.4548698,1399.642288,384.7813851,437.6888255,187.5809252,2929.148294
2014-02-24,8.8,231.4512557,54.0,2.666666667,0.5,2.4,24.2077,7.13,1515.076704,2149.965989,764.7530028,327.0641773,120.2441828,4877.104056
2014-03-03,7.8,241.8713248,68.0,4.133333333,4.8,2.95,23.3818,7.91,952.333928,1909.477623,538.6939391,370.3520831,153.912554,3924.770128
2014-03-10,10.0,156.6299283,65.0,4.433333333,0.0,3.48,19.21068641,4.63,1115.866017,2212.492964,634.8892853,197.2004598,192.3906925,4352.839418
2014-03-24,9.4,97.29500745,62.0,7.466666667,7.3,3.91,28.66100022,14.21,3640.993856,4054.633845,2260.590637,303.0153407,134.6734848,10393.90716
2014-03-31,10.9,85.71660393,46.0,4.466666667,0.8,3.74,29.90993352,23.12,7334.895153,5223.407302,3910.340826,557.9330083,274.1567369,17300.73303
2014-04-07,12.6,75.5228167,59.0,0.333333333,0.0,4.28,28.57864853,26.34,6978.972371,5406.17846,5156.07056,663.7478892,216.4395291,18421.40881
2014-04-15,12.7,62.55379688,68.0,11.33333333,11.5,4.38,31.39614683,55.69,13582.78289,13101.80616,14443.73124,1159.153922,495.4060333,42782.88025
2014-04-22,12.3,86.4237565,44.0,2.4,1.4,3.88,28.83544997,97.42,24539.43283,12659.30757,23827.58727,1510.266936,1067.768344,63604.36295
2014-04-28,12.4,112.3309223,108.0,4.233333333,2.7,4.31,25.34252835,26.8,4521.181274,4655.854759,5281.12451,2174.014826,682.9869585,17315.16233
2014-05-06,14.4,67.65723944,109.0,7.933333333,8.8,5.34,24.58114973,24.93,4280.692909,9932.169502,9196.275103,1269.778571,375.1618504,25054.07793
2014-05-12,14.1,60.25376331,93.0,6.533333333,8.5,4.8,26.12245176,49.1,3626.564554,14395.63357,25626.44024,1341.92508,711.8455624,45702.40901
2014-05-19,17.2,45.41396435,11.0,11.7,11.5,3.55,25.61770481,145.88,43177.28117,22932.97055,55312.3241,2419.312959,3164.826892,127006.7157
2014-05-27,14.3,74.95483749,119.0,4.933333333,0.0,4.68,26.9440398,23.54,7647.530028,18152.06184,15828.94423,1673.799025,1058.148809,44360.48393
2014-06-02,15.9,67.84519785,140.0,5.066666667,1.3,5.78,27.88,14.92,2818.523646,10177.46763,8585.434654,1279.398105,307.825108,23168.64915
2014-06-10,18.3,44.28615509,106.0,10.4,13.8,5.56,26.53,49.4,7137.694693,41075.41285,29902.32339,2063.390177,1178.392992,81357.2141
2014-06-16,18.2,52.00271836,142.0,3.633333333,3.5,5.29,22.71427211,24.95,3905.531058,24077.69517,24775.11143,2438.552028,1264.968803,56461.85849
2014-06-23,20.1,33.80689377,153.0,8.833333333,6.9,5.88,24.48940307,19.35,2659.801324,99884.43779,43562.06256,7623.481191,2890.670155,156620.453
2014-06-30,18.8,38.07575517,155.0,5.933333333,7.1,5.86,25.24172422,5.56,1072.578111,77230.43375,12644.87827,12082.13549,1072.578111,104102.6037
2014-07-07,19.2,30.7438332,175.0,5.533333333,7.9,5.57,25.78076151,4.52,1428.500892,101284.0801,11177.89924,8595.054189,846.5190471,123332.0534
2014-07-14,19.6,22.11968538,150.0,6.533333333,8.8,5.62,25.71568815,7.44,687.7967258,160944.4338,13390.3922,11072.08436,1188.012526,187282.7196
2014-07-22,21.9,28.91504736,180.0,8.233333333,10.9,5.76,26.90739719,4.82,346.3032466,129551.0826,8441.141635,28863.41365,1702.657629,168904.5987
2014-07-28,21.7,23.53122453,190.0,7.366666667,5.1,5.83,26.80723102,4.8,490.5962659,186065.8485,7820.681651,97902.81366,2568.415745,294848.3558
2014-08-18,17.6,22.4685689,180.0,6.9,7.1,5.94,24.92991424,2.92,153.912554,137621.8721,10283.28252,35366.21905,990.8120665,184416.0983
2014-09-01,17.1,21.77605797,201.0,2.9,0.2,5.97,28.17509632,2.84,153.912554,90231.2348,9071.221153,12385.15083,798.421374,112639.9407
2014-09-08,17.7,18.08561209,194.0,5.2,8.0,6.1,31.17924558,4.62,192.3906925,91467.345,11105.75273,11471.29504,808.0409086,115044.8244
2014-09-15,17.0,16.88133462,199.0,4.2,6.0,6.21,32.2673318,4.15,182.7711579,80361.59227,6353.702621,10297.71182,1582.413446,98778.19131
2014-09-22,17.3,18.85233481,184.0,4.6,6.2,6.19,33.23525384,3.37,418.4497562,85123.26191,2808.904111,5959.301701,971.5729973,95281.49047
2014-09-29,16.5,15.86637261,186.0,2.733333333,0.7,6.3,33.1808339,4.81,423.2595236,85580.1898,2222.112499,5031.01661,1202.441828,94459.02026
2014-10-06,15.0,22.69824366,208.0,2.966666667,0.0,6.37,31.91164977,3.46,230.868831,74147.3729,2092.248781,4314.36128,759.9432355,81544.79503
2014-10-13,13.5,31.15825678,214.0,2.166666667,0.0,6.29,32.10050621,2.9,168.341856,60444.34583,2347.166449,2703.08923,485.7864986,66148.72986
2014-10-20,15.2,33.13706,244.0,3.9,3.2,6.13,28.83017496,2.62,168.341856,17916.38324,1789.233441,1471.788798,149.1027867,21494.85012
2014-10-27,15.3,24.97830941,211.0,3.4,7.5,6.53,30.36308127,2.23,120.2441828,15987.66655,1664.17949,918.6655568,115.4344155,18806.19019
2014-11-03,13.5,35.88495755,212.0,2.533333333,0.9,6.99,31.39108466,1.6,110.6246482,10456.43414,1019.67067,716.6553297,110.6246482,12414.00944
2014-11-10,10.8,45.94472615,183.0,2.933333333,3.2,6.26,29.71068427,4.5,163.5320886,5935.252865,957.1436953,1188.012526,91.38557895,8335.326754
2014-11-17,10.7,90.58470349,165.0,0.366666667,0.1,5.73,27.1652925,3.31,182.7711579,3126.348754,740.7041662,351.1130139,423.2595236,4824.196615
2014-11-25,9.2,106.8293023,205.0,1.1,0.0,5.85,29.430262,3.8,110.6246482,2544.366909,577.1720776,480.9767313,399.210687,4112.351053
2014-12-01,9.6,71.35604859,138.0,1.533333333,0.0,5.85,31.11636131,2.21,52.90744045,1664.17949,399.210687,312.6348754,48.09767313,2477.030166
2014-12-08,7.1,48.63722919,126.0,3.933333333,6.2,6.3,31.90841603,1.53,57.71720776,995.6218338,264.5372022,105.8148809,43.28790582,1466.979031
2014-12-15,7.2,64.7740576,141.0,2.333333333,1.3,5.66,28.20441337,0.94,81.76604432,1606.462283,394.4009197,254.9176676,202.0102272,2539.557141
2015-01-05,7.2,106.8428303,150.0,0.0,0.0,5.34,28.94360305,2.9,101.0051136,1125.485551,216.4395291,177.9613906,96.19534626,1717.086931
2015-01-12,8.5,90.00408312,132.0,1.333333333,0.0,5.03,29.57866058,2.39,96.19534626,1500.647402,312.6348754,269.3469695,110.6246482,2289.449241
2015-01-19,5.5,138.9737987,125.0,4.1,7.2,5.03,26.48411538,2.38,105.8148809,2303.878543,1024.480438,591.6013795,197.2004598,4222.975701
2015-01-26,6.6,85.87519027,112.0,3.5,1.0,5.16,32.12109576,1.13,67.33674239,1240.919967,221.2492964,76.95627701,43.28790582,1649.750188
2015-02-03,4.7,73.63023268,108.0,0.1,0.3,5.27,33.06540667,1.58,240.4883657,1385.212986,394.4009197,129.8637175,67.33674239,2217.302731
2015-02-09,5.8,55.95634816,108.0,3.833333333,4.7,5.49,33.61191984,1.39,327.0641773,1668.989258,173.1516233,91.38557895,43.28790582,2303.878543
2015-02-16,7.2,72.23087327,127.0,0.4,0.0,5.26,31.32662719,1.17,567.552543,2015.292504,471.3571967,240.4883657,153.912554,3448.603164
2015-02-24,7.3,105.6816736,115.0,4.433333333,8.0,4.89,29.19427411,2.98,995.6218338,1952.765529,745.5139335,485.7864986,115.4344155,4295.122211
2015-03-02,8.1,84.1939583,105.0,4.333333333,7.5,4.94,29.56911691,3.37,1414.07159,2048.960875,788.8018394,216.4395291,168.341856,4636.61569
2015-03-10,9.0,59.80380587,109.0,3.766666667,8.5,4.79,32.18890362,2.72,2082.629247,3487.081302,860.9483491,101.0051136,101.0051136,6632.669125
2015-03-16,8.9,52.57595302,97.0,1.366666667,0.0,4.46,33.45484174,2.63,1091.81718,4756.859873,889.8069529,72.1465097,158.7223213,6969.352837
2015-03-23,9.8,45.2669057,109.0,3.633333333,2.5,4.27,33.27593449,3.46,1264.968803,5338.841718,1139.914853,158.7223213,129.8637175,8032.311413
2015-03-30,10.4,47.61187106,105.0,1.966666667,4.5,3.57,32.51503243,8.24,2568.415745,8258.370477,2087.439014,211.6297618,245.298133,13371.15313
2015-04-07,12.4,40.98898888,100.0,7.4,10.0,5.37,29.19526392,37.61,12765.12245,6945.304,8210.272804,620.4599834,1390.022754,29931.18199
2015-04-13,13.9,35.74726657,32.0,6.233333333,2.5,5.34,28.84306871,101.29,42826.16816,6411.419829,21018.68316,1260.159036,2414.503191,73930.93337
2015-04-20,14.2,29.34324683,10.0,9.066666667,10.9,0.14,27.25594556,196.61,50680.51818,6122.83379,16988.09815,1640.130654,3285.071075,78716.65185
2015-04-27,15.3,32.26259137,6.0,5.466666667,10.2,0.02,27.47932246,170.94,54234.93622,3818.955247,10937.41087,928.2850915,2183.63436,72103.22179
2015-05-05,15.4,49.27933734,5.0,6.2,7.1,0.2,26.02280846,150.05,48294.87359,7710.057003,10990.31831,601.2209142,2544.366909,70140.83673
2015-05-11,16.1,23.06529558,10.0,5.6,8.4,0.7,23.76871475,124.23,54533.1418,5160.880327,9225.133707,1000.431601,2323.117612,72242.70504
2015-05-18,15.8,25.07529588,13.0,8.366666667,5.7,1.89,27.01609076,146.92,25563.91327,5064.684981,7070.35795,755.1334682,1755.565069,40209.65474
2015-05-26,17.2,21.46662524,14.0,4.566666667,6.9,1.7,24.36554554,138.5,82742.42709,5492.754272,9802.305784,1163.96369,1596.842748,100798.2936
2015-06-09,17.4,15.66375795,10.0,9.9,8.9,0.86,21.04753287,298.71,126766.2273,4771.289175,5069.494748,1005.241368,1269.778571,138882.0312
2015-06-15,17.7,18.04181892,14.0,4.8,11.0,2.38,22.381589,219.62,37886.53713,5757.291474,6536.473779,490.5962659,4348.029651,55018.9283
2015-06-22,18.7,17.9422105,115.0,4.6,7.2,4.95,25.90917189,29.84,7108.836089,11504.96341,8922.118366,514.6451025,4184.497562,32235.06053
2015-06-30,20.0,16.16144474,154.0,9.133333333,13.9,6.81,25.90675042,44.18,12351.48246,40786.82682,32047.47961,7700.437468,5598.569153,98484.79551
2015-07-06,22.0,14.13072013,180.0,7.366666667,6.7,7.8,24.13549262,29.78,7041.499347,75686.49844,23433.18635,67678.23586,3198.495263,177037.9153
2015-07-13,20.8,14.73166157,211.0,4.133333333,0.0,8.23,27.42609348,19.44,1736.326,81477.45829,11043.22575,43278.28628,2236.541801,139771.8381
2015-07-20,20.7,13.64055853,200.0,8.4,2.9,8.1,27.06147273,24.46,4487.512903,104371.9507,17906.76371,49983.10192,2799.284576,179548.6138
2015-07-27,18.6,27.69077489,209.0,3.5,1.2,7.64,25.77226322,8.36,947.5241607,54417.70738,7493.617474,18532.03346,1019.67067,82410.55314
2015-08-04,19.3,14.61902641,244.0,7.166666667,6.5,7.11,25.83154207,15.31,1510.266936,92549.54264,11538.63178,51474.12979,9893.691363,166966.2625
2015-08-10,20.9,12.83418209,229.0,6.333333333,1.9,6.54,28.15915711,7.85,1043.719507,171054.5647,10042.79415,73127.70223,4449.034765,259717.8154
2015-08-17,18.8,17.43798522,236.0,4.766666667,4.0,6.77,28.59934536,6.51,173.1516233,106733.5464,5747.671939,53143.11904,745.5139335,166543.003
2015-08-24,18.7,18.97118924,281.0,4.666666667,0.0,6.61,27.29328768,4.72,230.868831,85532.09213,6445.0882,54966.02086,793.6116067,147967.6816
2015-09-01,17.0,21.28927212,247.0,1.533333333,4.2,6.27,25.91611904,3.87,211.6297618,64369.11595,5281.12451,25814.02117,293.3958061,95969.2872
2015-09-07,16.4,13.87123832,235.0,8.566666667,10.6,6.52,26.74810604,2.03,173.1516233,89158.65669,4670.284061,36097.30369,591.6013795,130690.9974
2015-09-14,16.4,17.49029047,238.0,0.1,0.0,6.48,32.66675989,2.07,173.1516233,85686.00468,4333.600349,17392.1186,745.5139335,108330.3892
2015-09-21,15.5,18.19809969,218.0,3.233333333,0.7,6.16,29.41790308,1.37,115.4344155,85003.01773,3862.243153,6935.684466,533.8841718,96450.26393
2015-09-28,14.9,16.7322534,214.0,8.4,8.5,6.67,30.72036255,3.56,168.341856,118416.4713,4646.235225,7027.070045,1226.490665,131484.609
2015-10-05,14.6,16.95926959,224.0,3.8,0.0,6.26,34.34074706,3.9,33.66837119,132518.709,2674.230626,3992.10687,1851.760416,141070.4753
2015-10-12,13.2,17.80602514,211.0,3.266666667,7.2,6.16,29.19273311,2.15,125.0539501,66951.961,2039.341341,2039.341341,230.868831,71386.56646
2015-10-19,12.3,15.52956327,239.0,0.0,0.0,6.46,35.51292867,2.72,101.0051136,82482.69965,2818.523646,3246.592936,557.9330083,89206.75436
2015-10-26,12.3,14.61431765,220.0,2.866666667,5.1,6.6,35.5947802,1.95,57.71720776,66745.14101,2140.346454,2736.757601,394.4009197,72074.36319
2015-11-02,12.5,18.77203165,222.0,3.066666667,2.2,6.47,35.58291336,2.38,48.09767313,44163.28347,1399.642288,1745.945535,312.6348754,47669.60384
2015-11-10,13.2,38.07536441,235.0,0.0,0.0,6.79,30.83240844,2.28,101.0051136,16478.26282,933.0948588,812.8506759,177.9613906,18503.17485
2015-11-16,12.3,24.72771647,224.0,0.633333333,1.6,6.64,29.763,1.14,62.52697507,8878.83046,649.3185873,360.7325485,67.33674239,10018.74531
2015-11-23,8.4,24.8264559,219.0,2.033333333,2.1,6.45,30.45767182,1.64,182.7711579,4001.726405,442.4985928,235.6785983,62.52697507,4925.201729
2015-11-30,9.0,42.73252952,235.0,0.2,0.0,6.3,31.62376988,1.2,76.95627701,3001.294803,298.2055734,173.1516233,57.71720776,3607.325485
2015-12-07,10.7,40.92948378,198.0,0.533333333,1.6,5.91,30.96156524,2.15,149.1027867,2871.431086,442.4985928,327.0641773,101.0051136,3891.101756
2015-12-14,9.8,56.35388305,210.0,0.0,0.0,5.97,31.94740705,1.38,105.8148809,2236.541801,331.8739446,197.2004598,110.6246482,2982.055734
2016-01-14,8.2,159.764754,154.0,0.966666667,2.9,4.74,26.68085725,9.53,254.9176676,4732.811036,899.4264876,9354.997424,832.0897452,16074.24236
2016-01-18,4.7,120.010063,111.0,1.3,0.0,5.19,30.92879007,1.32,52.90744045,1183.202759,177.9613906,197.2004598,57.71720776,1668.989258
2016-01-25,7.9,93.12739893,111.0,0.833333333,1.1,5.08,33.32858036,1.33,120.2441828,1558.364609,250.1079003,110.6246482,76.95627701,2116.297618
2016-02-01,9.5,106.3161624,111.0,1.966666667,1.0,5.09,28.44078367,1.79,149.1027867,1972.004598,360.7325485,331.8739446,206.8199945,3020.533873
2016-02-08,8.4,157.8763676,110.0,1.8,1.5,4.72,28.81974978,3.93,245.298133,2996.485036,519.4548698,634.8892853,341.4934792,4737.620804
2016-02-15,6.0,124.676387,83.0,3.566666667,7.0,4.58,28.02465486,2.11,384.7813851,2279.829706,341.4934792,182.7711579,173.1516233,3362.027352
2016-02-22,9.4,99.30222164,93.0,0.833333333,2.1,4.69,30.13404137,2.68,413.6399889,2616.513418,413.6399889,182.7711579,115.4344155,3741.99897
2016-02-29,7.3,62.34959227,95.0,3.566666667,5.6,4.93,31.79419851,2.04,625.2697507,4396.127324,509.8353352,187.5809252,134.6734848,5853.48682
2016-03-07,7.3,70.01172824,90.0,4.233333333,8.4,4.63,31.94531507,3.28,1034.099972,5738.052405,702.2260277,144.2930194,86.57581164,7705.247236
2016-03-14,8.5,122.7533261,94.0,5.9,9.3,4.13,26.14196933,6.65,1822.901812,5511.993341,1640.130654,668.5576565,288.5860388,9932.169502
2016-03-21,9.1,71.15363202,83.0,1.966666667,3.6,4.21,33.06623886,5.25,1769.994371,6007.399374,1038.90974,245.298133,67.33674239,9128.93836
2016-03-29,10.3,164.410633,91.0,6.266666667,5.7,3.58,28.31307365,17.73,2674.230626,8397.853729,1693.038094,884.9971856,577.1720776,14227.29171
2016-04-11,10.8,85.74546793,75.0,4.033333333,0.5,3.51,29.44620614,8.56,2933.958061,4655.854759,3309.119911,163.5320886,202.0102272,11264.47505
2016-04-18,11.4,83.63140226,83.0,5.333333333,2.8,3.75,26.3571156,10.44,2029.721806,4131.590122,3121.538986,269.3469695,226.0590637,9778.256948
2016-04-25,11.0,59.39272239,70.0,5.433333333,3.0,3.09,29.58855518,6.07,1943.145995,3939.19943,3184.065961,360.7325485,341.4934792,9768.637413
2016-05-03,13.4,48.68813225,46.0,5.9,8.0,1.57,30.55490889,16.27,6012.209142,7580.193286,7642.720261,394.4009197,408.8302216,22038.35383
2016-05-09,17.7,41.69283676,24.0,6.633333333,1.9,1.06,28.82605281,59.28,18863.9074,11716.59317,35322.93115,707.035795,1356.354382,67966.8219
2016-05-16,16.5,52.44852312,125.0,11.0,11.6,4.74,26.99817709,8.28,2063.390177,7604.242122,6555.712848,351.1130139,370.3520831,16944.81024
2016-05-23,16.6,56.07681782,114.0,5.566666667,12.4,4.77,27.22808962,15.76,2900.28969,10927.79134,16636.98514,221.2492964,1361.16415,32047.47961
2016-05-31,15.2,39.21982348,93.0,2.333333333,0.0,4.31,29.19324164,30.33,6988.591906,21624.71384,30662.26662,586.7916122,2111.487851,61973.85183
2016-06-06,17.6,32.58646875,125.0,7.0,12.0,5.12,29.62726871,6.45,1308.256709,35399.88743,14588.02426,197.2004598,1250.539501,52743.90836
2016-06-13,18.7,34.28949841,142.0,1.433333333,0.8,5.33,29.48647288,6.27,360.7325485,36621.56832,7171.363064,221.2492964,726.2748643,45101.1881
2016-06-21,17.8,54.05622924,190.0,2.866666667,3.5,5.48,27.23884298,5.68,144.2930194,60540.54117,7166.553297,298.2055734,423.2595236,68572.85258
2016-06-27,17.7,50.39432392,204.0,3.8,4.9,5.94,24.13398381,3.92,187.5809252,22317.32033,4025.775241,827.2799779,197.2004598,27555.15694
2016-07-04,17.6,29.39858211,158.0,7.9,3.4,6.0,27.52312817,3.66,192.3906925,58207.80402,5526.422643,606.0306815,750.3237009,65282.97174
2016-07-11,18.3,24.56044215,135.0,4.366666667,7.1,5.65,29.02424882,3.48,81.76604432,31297.15591,5968.921236,707.035795,1548.745075,39603.62406
2016-07-18,20.4,24.23968106,133.0,8.2,10.1,5.16,28.60530841,3.47,91.38557895,58477.15099,2472.220399,2626.132953,2804.094344,66470.98427
2016-07-25,21.8,18.68181588,144.0,6.966666667,7.1,4.95,30.97491064,4.15,86.57581164,139300.4809,5184.929164,6767.34261,1707.467396,153046.7959
2016-08-01,19.6,19.24670226,152.0,3.9,0.0,5.48,30.33050918,2.49,48.09767313,95166.05606,3001.294803,5661.096128,1048.529274,104925.0739
2016-08-08,19.9,18.23762662,176.0,10.2,10.3,5.48,30.44755137,4.51,153.912554,132566.8067,7027.070045,6608.620288,1462.169263,147818.5788
2016-08-15,19.4,16.58846981,148.0,7.466666667,12.8,5.42,30.24928172,5.17,86.57581164,90346.66921,4930.011496,7811.062117,2842.572482,106016.8911
2016-08-22,19.5,16.71443263,155.0,2.4,1.2,5.45,32.01627896,5.34,125.0539501,97585.36902,6036.257978,8748.966743,1221.680898,113717.3286
2016-09-05,18.0,18.31208888,97.0,1.0,0.2,2.92,27.27154179,6.96,379.9716177,9768.637413,1486.2181,254.9176676,649.3185873,12539.06339
2016-09-12,18.1,18.75514105,232.0,3.7,1.2,6.45,33.59122715,10.87,572.3623103,63411.97226,2885.860388,3977.677568,3020.533873,73868.4064
2016-09-19,17.4,19.89633239,213.0,0.7,0.0,6.74,32.21126114,2.79,206.8199945,44701.97741,4780.908709,2832.952947,986.0022992,53508.66136
2016-09-26,16.4,17.03709765,206.0,3.933333333,0.6,6.98,29.39379321,3.62,110.6246482,68938.3949,7243.509574,1688.228327,615.6502161,78596.40767
2016-10-24,11.4,16.97862733,231.0,2.133333333,0.0,6.88,36.77567247,1.62,28.85860388,30676.69592,7738.915607,548.3134737,375.1618504,39367.94546
2016-10-31,11.6,16.05942554,217.0,1.466666667,4.4,7.12,39.05659571,1.95,48.09767313,24371.09098,1341.92508,774.3725374,447.3083601,26982.79463
2016-11-07,7.7,16.10124193,216.0,3.3,5.3,6.81,43.61877881,0.9,14.42930194,15184.43541,548.3134737,533.8841718,149.1027867,16430.16514
2016-11-14,7.2,26.48782589,197.0,1.9,0.0,6.38,33.86375665,0.93,86.57581164,4636.61569,745.5139335,581.9818449,86.57581164,6137.263092
2016-11-21,8.6,67.08760726,190.0,0.3,0.0,6.13,34.13654115,2.28,62.52697507,2808.904111,567.552543,134.6734848,158.7223213,3732.379435
2016-11-28,6.0,36.44006114,169.0,3.133333333,6.3,5.67,40.74364333,1.59,134.6734848,2183.63436,389.5911524,62.52697507,28.85860388,2799.284576
2016-12-05,3.6,28.41613801,154.0,5.066666667,5.7,6.43,39.43221779,1.16,110.6246482,1644.940421,274.1567369,28.85860388,52.90744045,2111.487851
2016-12-12,8.2,65.13355065,160.0,0.966666667,0.0,5.91,34.86664305,2.13,43.28790582,1418.881357,293.3958061,48.09767313,129.8637175,1933.52646
2017-01-03,5.1,46.4781905,178.0,2.0,0.5,6.04,36.32035309,0.88,43.28790582,1933.52646,437.6888255,48.09767313,43.28790582,2505.88877
2017-01-09,6.3,52.02007036,159.0,0.0,0.0,5.65,36.98628462,1.59,76.95627701,1587.223213,423.2595236,91.38557895,67.33674239,2246.161335
2017-01-16,6.0,84.63686677,141.0,0.066666667,0.0,5.35,37.3632316,2.52,153.912554,1803.662742,639.6990527,110.6246482,177.9613906,2885.860388
2017-01-23,3.4,49.61240807,132.0,3.033333333,0.2,5.43,46.68441223,2.24,101.0051136,1163.96369,505.0255679,28.85860388,105.8148809,1904.667856
2017-01-30,5.8,88.1535946,145.0,1.166666667,0.0,5.47,37.2644084,-0.44,327.0641773,1534.315773,702.2260277,72.1465097,62.52697507,2698.279463
2017-02-06,7.2,99.78303335,116.0,1.6,0.6,5.0,29.63465042,4.31,125.0539501,740.7041662,346.3032466,86.57581164,230.868831,1529.506006
2017-02-13,5.9,66.96625203,104.0,2.633333333,7.9,5.14,31.55139813,1.61,177.9613906,1173.583224,519.4548698,62.52697507,72.1465097,2005.67297
2017-02-20,9.4,58.14974508,121.0,2.066666667,2.6,4.8,36.73180751,1.15,307.825108,2255.78087,933.0948588,86.57581164,91.38557895,3674.662227
2017-02-27,9.2,51.46710987,130.0,0.566666667,0.4,4.92,36.45023651,1.91,221.2492964,2501.079003,899.4264876,52.90744045,96.19534626,3770.857574
2017-03-06,8.4,99.35039665,112.0,5.2,5.0,4.37,30.50694024,5.28,259.7274349,1697.847862,745.5139335,101.0051136,230.868831,3034.963175
2017-03-13,10.8,63.7795668,106.0,2.733333333,8.1,4.64,32.75692433,2.7,452.1181274,3525.559441,1529.506006,110.6246482,163.5320886,5781.34031
2017-03-20,11.5,50.7675261,100.0,0.3,0.5,4.45,33.16228578,3.52,726.2748643,4540.420344,1351.544615,62.52697507,168.341856,6849.108654
2017-03-27,10.4,43.81326182,100.0,8.066666667,6.5,5.48,32.10352134,3.44,716.6553297,5550.471479,1664.17949,120.2441828,269.3469695,8320.897452
2017-04-10,14.4,30.90814669,95.0,9.3,6.4,3.48,35.81414648,4.81,1327.495778,12466.91688,10966.26947,245.298133,981.1925319,25987.17279
2017-04-18,13.3,28.47188004,106.0,6.466666667,11.8,3.13,33.96206194,8.57,2106.678083,13957.94474,18238.63765,721.465097,1726.706465,36751.43204
2017-04-24,13.8,27.5923611,105.0,5.233333333,0.3,3.09,34.47588093,10.13,1380.403219,15535.54842,23938.21192,923.4753241,1572.793911,43350.43279
2017-05-02,13.2,26.22885148,100.0,4.266666667,5.6,3.37,36.44672775,6.17,1481.408332,13299.00662,24101.74401,2443.361795,2169.205058,43494.72581
2017-05-08,13.6,19.12700864,111.0,3.633333333,0.0,3.17,36.84486179,10.33,1077.387878,22913.73148,23659.24541,2303.878543,1952.765529,51907.00884
2017-05-15,15.6,25.15606306,110.0,4.3,0.7,3.38,37.219481,12.35,1058.148809,38636.86083,42624.15793,3352.407817,3785.286876,89456.86226
2017-05-22,17.0,28.95350602,164.0,8.666666667,9.4,4.13,31.57265779,17.6,3578.466881,27891.84065,15699.08051,298.2055734,981.1925319,48448.78615
2017-05-30,19.0,23.45904384,166.0,2.433333333,2.6,4.89,32.95061266,8.76,418.4497562,48944.19218,8474.810006,129.8637175,2222.112499,60189.42816
2017-06-05,18.4,19.80943524,174.0,5.6,0.6,5.37,32.53993582,3.27,144.2930194,99744.95454,4040.204543,182.7711579,2294.259008,106406.4823
2017-06-12,18.1,22.15987934,202.0,5.666666667,3.7,5.23,29.60051087,4.49,91.38557895,125207.8627,4492.322671,269.3469695,995.6218338,131056.5398
2017-06-26,21.4,14.45091938,197.0,4.0,4.7,5.1,31.37554413,2.23,33.66837119,54268.6046,2005.67297,2789.665042,1317.876244,60415.48722
2017-07-03,20.3,14.60682238,199.0,6.833333333,5.3,5.62,31.33857427,3.81,62.52697507,113313.3081,2765.616205,2654.991557,2828.14318,121624.586
2017-07-10,23.4,12.19899996,193.0,8.966666667,9.1,5.34,30.0384057,2.42,91.38557895,43720.78488,1553.554842,11783.92992,3665.042693,60814.69791
2017-07-17,21.4,13.1495012,206.0,3.566666667,9.6,5.62,31.4172211,3.56,67.33674239,68880.67769,1178.392992,9032.743014,3857.433385,83016.58383
2017-07-24,18.4,21.47753003,221.0,3.0,2.2,5.56,28.70065869,2.48,28.85860388,35996.29857,986.0022992,1967.194831,1510.266936,40488.62124
2017-07-31,18.6,24.56940726,198.0,4.266666667,5.4,5.71,28.26520804,3.22,24.04883657,38935.0664,1289.01764,2775.23574,2202.873429,45226.24205
2017-08-07,18.6,18.10488727,124.0,6.466666667,0.6,4.53,25.83150181,64.98,16285.87212,37694.14643,12029.22805,1765.184604,2376.025053,70150.45626
2017-08-14,19.0,16.90300369,174.0,6.8,3.2,5.5,27.69417381,5.07,485.7864986,47895.66291,2895.479923,1938.336227,1765.184604,54980.45016
2017-08-21,18.3,20.37169884,178.0,5.233333333,0.0,5.6,28.9346332,2.72,52.90744045,42061.41515,1250.539501,2303.878543,1457.359496,47126.10013
2017-08-29,20.4,15.20551674,197.0,9.566666667,7.7,5.48,29.44416074,3.74,76.95627701,76927.41841,2226.922266,4872.294288,1240.919967,85344.51121
2017-09-04,18.7,14.42941551,194.0,3.166666667,0.9,5.68,30.85742225,2.27,52.90744045,78957.14021,1909.477623,3463.032466,408.8302216,84791.38796
2017-09-11,16.5,17.27811934,172.0,4.1,6.4,5.77,33.41986887,2.28,19.23906925,80741.56389,1159.153922,6815.440283,557.9330083,89293.33017
2017-09-18,15.0,15.882739,180.0,3.466666667,3.8,5.47,34.80180386,2.93,43.28790582,74796.69149,1038.90974,3010.914338,1101.436715,79991.24019
2017-09-25,15.5,17.73424975,179.0,2.6,0.0,5.45,35.37629597,3.47,38.47813851,108984.5176,1192.822294,1765.184604,495.4060333,112476.4086
2017-10-02,16.1,17.3,176.0,2.133333333,3.7,5.62,35.23431545,2.3,19.23906925,68289.07631,745.5139335,663.7478892,202.0102272,69919.58743
2017-10-09,14.9,14.1,192.0,0.866666667,0.1,5.99,34.53450854,2.27,14.42930194,53080.59207,649.3185873,707.035795,408.8302216,54860.20597
2017-10-16,15.4,13.9,194.0,1.966666667,2.5,6.3,37.82837276,2.66,14.42930194,47275.20292,750.3237009,1548.745075,500.2158006,50088.9168
2017-10-23,13.9,17.6,197.0,3.033333333,0.0,6.6,37.23457405,1.87,43.28790582,38834.06129,788.8018394,1365.973917,428.0692909,41460.19424
2017-10-30,12.5,14.2,195.0,4.633333333,6.5,6.73,37.2176362,1.8,43.28790582,33317.25818,572.3623103,1101.436715,288.5860388,35322.93115
2017-11-06,10.7,19.9,202.0,4.8,6.1,7.01,41.06658431,1.05,9.619534626,26025.65093,620.4599834,2323.117612,163.5320886,29142.38015
2017-11-13,8.8,25.5,214.0,1.8,0.7,6.38,38.79461989,1.17,43.28790582,14544.73636,413.6399889,312.6348754,91.38557895,15405.6847
2017-11-20,8.8,20.1,207.0,1.4,0.0,6.63,38.04846038,1.13,43.28790582,7017.45051,303.0153407,413.6399889,52.90744045,7830.301186
2017-11-27,8.1,17.1,213.0,2.866666667,0.2,6.38,38.3539,0.72,52.90744045,5848.677053,303.0153407,202.0102272,76.95627701,6483.566338
2017-12-04,6.9,18.9,190.0,0.0,0.0,6.27,38.19408211,0.66,1289.01764,1317.876244,370.3520831,72.1465097,81.76604432,3131.158521
2017-12-11,5.2,57.6,186.0,0.633333333,0.0,6.17,42.45576469,1.81,67.33674239,3501.510604,341.4934792,115.4344155,120.2441828,4146.019424
2017-12-18,4.5,50.7,167.0,1.766666667,4.5,5.22,37.64200138,2.73,139.4832521,3285.071075,779.1823047,404.0204543,182.7711579,4790.528244
2018-01-15,7.3,62.4,93.0,0.5,1.5,5.17,37.70623145,1.35,72.1465097,1558.364609,322.25441,206.8199945,101.0051136,2260.590637
2018-01-22,5.9,143.0,134.0,0.6,1.8,5.02,34.09101991,4.12,105.8148809,2265.400405,428.0692909,288.5860388,269.3469695,3357.217585
2018-01-29,8.2,100.0,112.0,0.3,0.9,5.07,36.16272058,1.86,187.5809252,1856.570183,519.4548698,505.0255679,153.912554,3222.5441
2018-02-05,5.8,67.8,95.0,2.866666667,5.8,5.11,35.52872295,1.32,120.2441828,2164.395291,562.7427756,120.2441828,187.5809252,3155.207357
2018-02-12,5.2,76.2,104.0,5.166666667,7.3,4.91,37.70266399,1.13,158.7223213,2395.264122,408.8302216,86.57581164,144.2930194,3193.685496
2018-02-19,6.9,69.5,94.0,2.066666667,0.0,4.8,34.77942498,1.87,394.4009197,2380.83482,764.7530028,278.9665042,149.1027867,3968.058033
2018-02-26,3.7,52.2,91.0,7.1,5.2,4.86,36.109921,1.4,485.7864986,2804.094344,1111.056249,153.912554,105.8148809,4660.664527
2018-03-05,3.8,80.0,87.0,1.166666667,1.3,4.68,38.04466791,3.48,1082.197645,2659.801324,2991.675269,110.6246482,72.1465097,6916.445396
2018-03-12,8.6,122.0,93.0,0.666666667,0.0,3.96,31.35631305,10.14,2121.107385,3424.554327,3419.74456,548.3134737,298.2055734,9811.925319
2018-03-19,5.5,105.0,78.0,2.466666667,7.4,4.15,29.56486593,6.52,1457.359496,2592.464582,1957.575296,456.9278948,206.8199945,6671.147263
2018-03-26,7.6,81.2,66.0,1.966666667,5.8,3.8,33.42992204,10.0,2996.485036,3530.369208,2929.148294,336.6837119,226.0590637,10018.74531
2018-04-09,10.7,153.0,48.0,0.2,0.0,3.48,26.92779483,5.98,1231.300432,2597.274349,1385.212986,692.6064931,625.2697507,6531.664011
2018-04-16,11.7,111.0,79.0,5.2,5.7,4.17,29.80157618,6.41,846.5190471,2943.577596,1192.822294,355.9227812,269.3469695,5608.188687
2018-04-23,15.6,75.4,71.0,6.233333333,3.3,4.09,30.48068629,8.49,1750.755302,7878.398859,4107.541285,533.8841718,432.8790582,14703.45868
2018-04-30,10.8,70.5,76.0,0.166666667,0.5,4.11,31.98993618,4.88,1053.339042,5425.417529,2977.245967,336.6837119,365.5423158,10158.22857
2018-05-08,16.6,50.6,74.0,11.93333333,11.3,3.83,34.26554445,11.85,3140.778056,11009.55738,15112.2889,529.0744045,692.6064931,30484.30523
2018-05-14,15.8,48.1,60.0,8.4,12.9,3.17,31.94500263,24.29,4064.25338,15968.42748,36717.76367,952.333928,1418.881357,59121.65981
2018-05-21,17.4,38.1,47.0,11.1,8.8,3.17,33.86561816,33.89,3515.939906,25515.8156,94430.16166,1245.729734,4631.805923,129339.4528
2018-05-29,18.4,40.2,105.0,3.4,0.0,4.37,32.75796943,8.71,928.2850915,21807.485,7989.023507,731.0846316,1380.403219,32836.28145
2018-06-04,18.9,53.6,159.0,6.466666667,0.1,4.9,30.68229778,4.42,447.3083601,14530.30705,3905.531058,721.465097,389.5911524,19994.20272
2018-06-11,19.2,32.4,149.0,8.133333333,12.8,6.02,33.01411369,3.6,235.6785983,14155.1452,2549.176676,707.035795,418.4497562,18065.48603
2018-06-18,18.6,28.9,122.0,3.866666667,8.4,5.74,33.48238213,3.52,168.341856,62041.18857,4463.464067,812.8506759,2606.893884,70092.73906
2018-06-25,20.4,23.6,132.0,12.23333333,15.0,4.95,35.87111457,5.79,129.8637175,93165.19286,5478.32497,1135.105086,5704.384033,105612.8707
2018-07-02,22.1,18.3,105.0,12.83333333,14.7,4.55,34.68109062,4.89,62.52697507,114948.629,2294.259008,3833.384549,3155.207357,124294.0069
2018-07-09,23.8,16.6,130.0,13.7,12.6,4.83,34.68138323,3.3,48.09767313,86267.98653,947.5241607,19647.89947,3376.456654,110287.9645
2018-07-16,23.6,15.7,114.0,10.8,7.3,5.2,34.1138487,3.85,62.52697507,150329.2774,1673.799025,29079.85318,1702.657629,182848.1142
2018-07-23,23.2,15.4,139.0,8.4,13.5,5.59,35.52492213,4.4,163.5320886,39069.73989,2698.279463,19888.38784,2270.210172,64090.14945
2018-07-30,20.8,16.2,152.0,3.533333333,3.4,5.73,34.47106609,4.35,187.5809252,91914.65336,2712.708765,16670.65351,851.3288144,112336.9254
2018-08-06,24.4,14.6,168.0,11.66666667,12.5,5.93,34.05600165,4.96,125.0539501,229868.3994,3520.749673,35529.75114,2962.816665,272006.7709
2018-08-13,19.9,16.1,186.0,3.233333333,5.1,6.17,34.23769346,5.0,76.95627701,76821.60353,2573.225513,14111.8573,1178.392992,94762.0356
2018-08-20,19.8,15.3,204.0,3.333333333,3.0,6.23,34.88748975,4.66,33.66837119,107123.1376,2284.639474,8046.740715,1260.159036,118748.3452
2018-08-28,17.6,19.0,199.0,2.0,2.4,6.61,34.91975552,3.56,72.1465097,66235.30567,2265.400405,5940.062632,1058.148809,75571.06403
2018-09-03,18.0,13.2,204.0,6.933333333,4.9,6.04,36.68156432,3.34,57.71720776,66889.43402,3289.880842,5637.047291,1447.739961,77321.81933
2018-09-10,17.7,12.5,178.0,4.966666667,6.9,5.89,36.438802,3.98,43.28790582,64407.59409,1274.588338,4121.970587,1000.431601,70847.87252
2018-09-17,17.2,6.0,169.0,5.733333333,6.0,5.78,37.79281823,3.77,72.1465097,51185.54375,1087.007413,2125.917152,1207.251596,55677.86642
2018-10-01,13.7,7.6,15.0,5.9,7.6,2.66,33.45559568,247.86,14.42930194,5747.671939,423.2595236,182.7711579,235.6785983,6603.810521
2018-10-08,13.1,2.2,160.0,2.266666667,2.2,6.44,39.77106513,19.62,2496.269236,41392.8575,3506.320371,1087.007413,596.4111468,49078.86566
2018-10-15,14.4,0.0,171.0,1.8,0.0,5.91,36.35798887,5.37,250.1079003,28815.31597,1183.202759,360.7325485,442.4985928,31051.85777
2018-10-22,13.4,7.0,176.0,6.8,7.0,6.12,32.60853876,2.46,125.0539501,13698.21731,615.6502161,447.3083601,346.3032466,15232.53308
2018-10-29,10.1,7.1,172.0,4.766666667,7.1,,39.34089161,2.36,43.28790582,13712.64661,562.7427756,957.1436953,375.1618504,15650.98284
2018-11-05,9.3,14.41,164.0,2.933333333,3.4,6.77,40.3064883,1.81,46.2769465,8798.404454,566.8925947,937.1081667,543.7541214,10892.43628
2018-11-12,10.3,33.59,166.0,4.5,5.8,6.44,37.24511635,2.22,156.1846945,4118.648239,566.8925947,763.5696173,179.3231677,5784.618313
2018-11-19,9.5,16.79,171.0,4.6,2.0,6.7,36.8797808,1.78,167.7539311,2441.108928,306.5847706,347.0770988,144.6154578,3407.140186
2018-11-26,7.9,16.72,169.0,0.133333333,0.4,7.02,41.12718264,1.13,,,,,,
2018-12-03,9.8,37.23,188.0,1.166666667,1.9,6.86,38.88977513,1.86,121.4769846,1532.923853,237.1693508,208.2462593,52.06156482,2151.878012
2018-12-10,8.4,46.0,185.0,2.033333333,0.1,6.47,37.66831369,4.79,190.8924043,2759.262935,578.4618313,1029.66206,242.9539691,4801.2332
2019-01-07,7.9,37.21,144.0,0.0,0.0,6.37,41.33438863,0.65,30.08701737,4813.92278,802.3204633,712.0594112,80.23204633,6438.621718
2019-01-14,7.0,32.3,145.0,0.8,2.2,5.87,40.95879075,1.33,,,,,,
2019-01-21,5.5,31.09,143.0,1.666666667,0.0,5.9,42.3588041,0.68,150.4350869,7541.812355,802.3204633,511.4792954,210.6091216,9216.656322
2019-01-28,5.2,38.63,157.0,3.433333333,7.0,5.64,39.562647,0.85,280.8121622,8604.886969,1504.350869,531.5373069,260.7541506,11182.34146
2019-02-04,4.2,54.6,148.0,4.0,1.0,5.34,40.67717133,2.27,992.8715734,5816.823359,1694.901979,772.2334459,210.6091216,9487.439479
2019-02-11,6.7,105.7,118.0,2.4,2.2,4.9,42.56584684,8.08,1203.480695,6659.259846,1755.076014,6649.23084,1002.900579,17269.94797
2019-02-18,7.7,57.01,100.0,1.833333333,0.0,5.16,44.01370114,3.24,1133.277654,5576.12722,1945.627124,1113.219643,140.4060811,9908.657722
2019-02-25,8.9,38.99,107.0,7.333333333,7.7,4.97,41.01394656,4.51,1293.741747,8975.960183,3429.919981,491.4212838,371.0732143,14562.11641
2019-03-04,9.3,47.4,109.0,2.033333333,3.5,4.59,40.34082295,3.93,1153.335666,11413.00859,2737.918581,702.0304054,250.7251448,16257.01839
2019-03-11,8.3,66.23,104.0,6.466666667,8.0,3.92,34.11065672,6.04,1765.105019,8304.016795,2196.352268,1243.596718,340.9861969,13850.057
2019-03-18,9.4,60.55,99.0,3.633333333,2.2,4.3,37.07256438,6.84,1464.234846,5425.692133,1965.685135,1845.337066,481.392278,11182.34146
2019-03-25,10.8,42.35,103.0,7.466666667,10.4,4.38,36.44988433,5.06,1524.40888,10149.35386,2447.077413,1213.509701,310.8991795,15645.24903
2019-04-01,11.8,36.16,102.0,5.7,9.2,3.98,39.16589837,5.71,2948.527703,14150.92717,2727.889575,952.7555502,772.2334459,21552.33345
2019-04-08,9.8,34.84,92.0,0.766666667,0.0,3.17,35.11429382,5.28,1434.147828,9677.990589,2788.06361,631.8273649,381.1022201,14913.13161
2019-04-15,10.2,32.06,99.0,6.6,8.1,3.49,35.42393499,4.13,1353.915782,7561.870367,3720.761149,421.2182432,561.6243243,13619.38986
2019-04-23,15.4,27.31,103.0,7.033333333,2.0,2.59,35.31530415,12.5,4031.660328,21823.1166,22434.88596,2166.265251,2366.845367,52822.7735
2019-04-29,13.1,26.32,64.0,4.466666667,6.5,2.92,35.52170974,6.53,12285.53209,13589.30285,72168.72568,4823.951786,6779.607915,109647.1203
2019-05-07,13.7,24.31,100.0,2.366666667,4.6,3.6,36.64995256,50.49,10029.00579,47026.00816,192586.9982,9357.062403,9818.39667,268817.4712
2019-05-13,16.4,24.15,122.0,9.533333333,11.7,4.11,33.90404647,17.83,5596.185232,74034.12075,169600.5169,4242.26945,9126.39527,262599.4876
2019-05-20,17.0,22.81,128.0,3.066666667,6.5,4.13,34.22916713,16.08,2086.033205,44789.53986,65228.65367,1584.582915,6589.056805,120277.8665
2019-05-28,18.2,17.42,140.0,3.6,0.9,4.22,35.67301803,10.37,2166.265251,57747.01535,36856.59628,2156.236245,4844.009797,103770.1229
2019-05-04,17.9,17.15,140.0,3.866666667,3.0,4.93,33.84705507,19.99,3068.875772,83020.10994,32152.99257,681.9723938,2788.06361,121712.0143
2019-06-10,16.7,31.52,178.0,5.733333333,0.0,5.48,35.57316074,6.83,571.6533301,75408.09455,11994.69093,1343.886776,2076.004199,91394.32978
2019-06-17,17.3,37.18,202.0,5.566666667,4.7,5.33,27.81452922,2.38,411.1892375,53845.73209,4011.602317,822.3784749,411.1892375,59502.09136
2019-06-24,19.6,24.41,210.0,6.633333333,7.3,5.34,30.594901,2.65,521.5083012,66251.61226,8745.29305,441.2762548,892.5815154,76852.27138
2019-07-01,21.3,17.83,183.0,10.33333333,8.1,7.38,26.94090505,6.09,90.26105212,2467.135425,220.6381274,2276.584315,130.3770753,5184.995994
2019-07-08,22.3,15.95,170.0,4.8,5.2,5.38,31.06260722,6.64,381.1022201,105013.7196,4583.255647,2978.61472,8354.161824,121310.8541
2019-07-15,21.7,13.74,188.0,6.233333333,8.3,5.33,31.4197593,4.87,70.20304054,256892.9833,3018.730743,5957.22944,3169.16583,269108.3124
2019-07-23,22.5,24.38,208.0,7.366666667,12.0,5.71,31.99385759,3.49,90.26105212,211812.6023,3750.848166,3259.426882,772.2334459,219685.3719
2019-07-29,22.5,18.52,198.0,5.166666667,12.0,5.73,31.75088566,3.29,60.17403475,164124.6798,2296.642326,11433.0666,2717.860569,180632.4233
2019-08-05,21.1,16.01,221.0,2.766666667,7.1,5.82,33.29222655,4.23,70.20304054,133556.2701,2517.280454,29996.75632,3911.312259,170051.8222
2019-08-12,19.5,22.23,227.0,5.333333333,2.3,5.5,34.04371247,4.37,170.4930985,146624.0647,1985.743147,27970.89715,3339.658929,180090.857
2019-08-19,18.8,23.34,226.0,8.533333333,10.5,5.47,32.17798638,2.06,30.08701737,144628.2925,1323.828764,13017.64952,2617.570512,161617.4283
2019-08-27,22.6,16.48,123.0,9.9,8.2,3.76,28.24433252,64.08,,,,,,
2019-09-09,16.6,15.06,226.0,4.033333333,0.0,5.74,33.85267118,5.53,210.6091216,168086.1371,1855.366071,5967.258446,2196.352268,178315.723
2019-09-16,18.4,14.28,204.0,5.833333333,0.2,5.72,36.3361901,3.97,120.3480695,277051.285,1674.843967,7381.348263,2477.164431,288704.9897
2019-09-23,18.6,15.01,216.0,5.066666667,4.5,5.67,36.3349475,14.95,50.14502896,244477.0742,1373.973793,6238.041602,1474.263851,253613.4985
2019-09-30,16.4,29.37,229.0,1.3,0.3,5.67,32.99950506,1.87,90.26105212,75257.65946,882.5525097,702.0304054,461.3342664,77393.83769
2019-10-07,14.7,40.99,264.0,2.533333333,0.4,5.4,31.04037344,2.03,280.8121622,20709.89696,1022.958591,712.0594112,180.5221042,22906.24923
2019-10-14,13.3,85.87,69.0,0.4,0.0,7.59,31.01756694,1.96,100.2900579,1674.843967,631.8273649,752.1754344,230.6671332,3389.803958
2019-11-04,11.8,89.22,107.0,1.433333333,1.6,5.11,32.22867591,2.22,290.841168,2507.251448,571.6533301,982.8425676,160.4640927,4513.052606
2019-11-11,8.1,132.5,106.0,3.266666667,4.0,5.0,29.87816442,2.24,361.0442085,2687.773552,681.9723938,7491.667326,641.8563707,11864.31385
2019-11-18,6.9,172.8,97.0,2.266666667,6.4,5.13,27.28601646,4.76,270.7831564,3249.397876,842.4364865,9728.135618,631.8273649,14722.5805
2019-11-25,8.2,120.7,89.0,0.0,0.0,4.73,32.09628691,1.38,170.4930985,1012.929585,300.8701737,1394.031805,230.6671332,3108.991795
2019-12-03,6.1,102.6,92.0,2.533333333,1.5,4.79,31.01270503,1.58,250.7251448,1745.047008,411.1892375,611.7693533,230.6671332,3249.397876
2019-12-09,7.6,86.98,91.0,3.0,3.4,4.88,34.28720856,1.99,90.26105212,882.5525097,250.7251448,130.3770753,140.4060811,1494.321863
2019-12-16,6.6,173.8,108.0,2.933333333,0.0,4.87,25.44031082,4.58,351.0152027,3700.703137,902.6105212,1123.248649,571.6533301,6649.23084
2020-01-06,7.9,108.5,97.0,0.533333333,0.0,5.48,31.99874624,1.13,450.9380996,5150.187769,712.0075257,593.3396048,284.8030103,7191.27601
2020-01-13,8.3,122.8,104.0,1.8,0.5,5.34,30.19957856,2.69,427.2045154,6621.669989,1162.945625,878.142615,640.8067731,9730.769518
2020-01-20,5.1,221.2,97.0,5.133333333,4.9,5.23,25.59311691,2.6,,,,,,
2020-01-27,7.9,119.9,92.0,0.166666667,0.5,5.33,32.51704838,0.91,261.0694261,3251.501034,522.1388522,189.8686735,498.405268,4722.983254
2020-02-03,8.8,112.0,97.0,2.433333333,0.3,5.32,30.73265243,1.09,308.5365945,6146.998305,735.7411099,759.4746941,688.2739415,8639.024645
2020-02-10,7.7,114.8,101.0,2.2,3.0,5.53,33.80358689,1.61,450.9380996,8472.889556,1542.682972,806.9418625,854.4090309,12127.86152
2020-02-17,8.6,232.9,102.0,1.633333333,4.9,4.57,22.84718436,4.78,1424.015051,8686.491814,2824.296519,2966.698024,1803.752398,17705.25381
2020-02-24,9.0,214.0,79.0,1.3,0.0,4.68,26.71356138,2.57,1068.011289,8235.553714,3370.168955,640.8067731,996.810536,14311.35127
2020-03-02,7.2,226.3,75.0,7.066666667,7.3,4.02,23.40603605,4.3,1115.478457,10134.24045,3251.501034,1566.416557,759.4746941,16827.11119
2020-03-09,8.3,167.4,61.0,3.133333333,2.0,3.48,26.91162358,4.25,,,,,,
2020-03-16,9.4,136.7,64.0,4.166666667,9.3,5.68,28.06114663,5.53,3916.041391,13907.88034,3654.971965,474.6716838,712.0075257,22665.5729
2020-03-23,8.9,96.49,,9.8,11.7,4.34,30.10179526,,,,,,,
2020-06-01,19.7,24.02,97.0,14.5,14.0,5.01,34.8069863,63.74,,,,,,
2020-06-08,16.2,25.1,127.0,4.866666667,5.6,5.92,35.00777285,19.09,10229.17479,156689.1228,110859.5718,3821.107055,5577.392285,287176.3687
2020-06-15,18.1,25.56,72.0,8.566666667,8.3,5.11,31.80734309,174.14,140265.4826,55940.05794,80456.85041,1993.621072,6052.063969,284708.0759
2020-06-22,18.5,23.99,165.0,10.7,14.9,6.45,32.88213307,8.86,,,,,,
2020-06-29,19.5,24.37,180.0,4.966666667,3.2,6.33,33.01454024,5.56,664.5403573,649422.0642,47253.56612,20600.75108,7571.013357,725511.9351
2020-07-06,18.2,22.15,177.0,6.3,8.8,6.55,33.46998866,6.34,,,,,,
2020-07-13,18.9,22.07,170.0,8.066666667,3.7,6.46,32.87729927,4.53,450.9380996,977135.3947,34033.95973,26629.08146,6360.600563,1044609.975
2020-07-20,19.5,19.06,154.0,8.0,12.5,6.19,34.14261845,9.35,545.8724364,694848.1443,51952.81579,79293.90478,5031.519848,831672.2572
2020-07-27,19.4,22.72,178.0,3.033333333,2.3,6.26,33.88338056,6.47,545.8724364,305474.9621,29049.90705,87481.99133,3298.968202,425851.7011
2020-08-03,22.7,13.97,176.0,10.6,12.8,6.25,34.42790675,4.99,783.2082783,457868.3062,28931.23913,68044.18587,3726.172718,559353.1122
2020-08-10,25.8,14.76,158.0,7.933333333,8.7,6.31,34.01032761,8.37,2088.555409,416571.8697,27554.69125,124814.9193,4319.512323,575349.5479
2020-08-17,21.1,21.7,164.0,3.2,6.0,6.65,30.99757415,6.41,427.2045154,255444.5666,10846.24798,68495.12397,2539.493508,337752.6366
2020-08-24,19.9,21.72,186.0,7.366666667,5.7,7.19,34.60352811,5.46,712.0075257,421769.5246,10988.64948,60639.30761,3939.774976,498049.2642
2020-09-01,16.3,29.43,198.0,4.9,7.1,6.74,30.36304034,2.43,996.810536,235650.7574,12104.12794,6526.735652,1898.686735,257177.1183
2020-09-07,16.6,19.31,189.0,5.233333333,0.8,6.63,31.93660824,3.23,925.6097834,300680.7781,13124.67206,7333.677515,1044.277704,323109.0152
2020-09-14,17.3,19.28,183.0,8.466666667,9.3,6.74,33.62346882,1.13,1234.146378,353250.6671,12080.39435,18227.39266,3678.70555,388471.306
2020-09-21,17.5,13.67,173.0,8.333333333,7.5,6.72,35.50478466,4.07,735.7411099,367182.281,5672.326622,9256.097834,1613.883725,384460.3303
2020-09-28,13.8,16.66,149.0,5.933333333,5.5,6.73,36.47055053,3.32,332.2701787,158231.8058,4343.245907,5316.322859,1186.67921,169410.324
2020-10-05,13.2,126.1,200.0,1.5,4.5,5.09,28.71771923,13.85,1685.084478,33725.42313,7001.407336,13385.74148,4675.516086,60473.17252
2020-10-12,11.8,70.54,157.0,2.433333333,0.1,6.88,28.55499066,2.65,522.1388522,8591.557477,1898.686735,759.4746941,664.5403573,12436.39812
2020-10-19,11.4,41.64,126.0,1.133333333,3.2,6.55,31.88207564,1.61,,,,,,
2020-10-26,11.7,92.04,142.0,4.233333333,6.8,5.62,31.40170731,2.49,,,,,,
2020-11-02,12.6,100.8,81.0,2.233333333,4.6,6.42,29.02329038,1.97,,,,,,
2020-11-09,9.4,68.65,107.0,1.866666667,0.1,6.09,29.34685184,0.88,261.0694261,3488.836876,783.2082783,356.0037629,189.8686735,5078.987017
2020-11-16,10.6,122.8,115.0,1.2,0.3,5.94,27.34431741,2.06,569.6060206,5482.457948,1495.215804,973.0769518,1091.744873,9612.101597
2020-11-23,9.0,74.16,125.0,2.366666667,1.0,6.57,27.24648332,1.34,308.5365945,2942.96444,735.7411099,545.8724364,261.0694261,4794.184006
2020-11-30,8.2,57.77,110.0,0.0,0.0,6.13,34.23498565,0.66,189.8686735,3678.70555,498.405268,427.2045154,284.8030103,5078.987017
2020-11-07,5.9,73.79,121.0,1.333333333,0.0,6.12,33.13424559,0.73,142.4015051,3963.50856,593.3396048,450.9380996,308.5365945,5458.724364
2020-12-14,7.7,82.89,116.0,1.466666667,2.2,5.79,31.01105552,1.6,94.93433676,4651.782501,498.405268,498.405268,284.8030103,6028.330384
2021-01-04,3.9,151.1,85.0,1.2,0.0,5.44,27.57688967,1.57,,,,,,
2021-01-11,4.6,81.78,97.0,0.233333333,0.7,5.56,32.77340748,0.81,31.07882797,770.7549337,87.02071832,49.72612476,80.80495273,1019.385557
2021-01-18,6.0,122.1,75.0,2.3,0.1,5.38,35.27529854,1.19,99.45224951,1075.327448,223.7675614,155.3941399,174.0414366,1727.982835
2021-01-25,3.8,172.8,92.0,2.766666667,4.8,4.9,20.20693285,1.75,155.3941399,1423.410321,410.2405292,211.3360302,118.0995463,2318.480567
2021-02-01,5.5,323.4,95.0,0.1,0.0,4.63,16.55446515,3.52,93.23648392,1180.995463,404.0247636,4375.898978,329.4355765,6383.591265
2021-02-08,4.7,278.2,71.0,1.7,0.0,4.44,22.91709655,1.8,167.825671,1690.688242,391.5932324,80.80495273,136.7468431,2467.658941
2021-02-15,3.7,124.9,64.0,1.166666667,2.2,4.61,32.5529616,1.09,298.3567485,2007.692287,528.3400755,149.1783743,74.58918713,3058.156672
2021-02-22,8.8,135.1,74.0,1.4,1.7,4.46,27.4188675,2.59,391.5932324,1945.534631,571.8504347,192.6887334,130.5310775,3232.198109
2021-03-01,8.4,89.73,79.0,6.533333333,5.2,5.09,31.52175226,1.94,348.0828733,3083.019735,453.7508884,161.6099055,211.3360302,4257.799432
2021-03-08,7.0,76.78,50.0,4.4,2.7,5.33,33.09935878,2.09,497.2612476,3580.280982,783.1864649,174.0414366,105.6680151,5140.438147
2021-03-15,8.2,86.97,76.0,4.366666667,5.0,4.89,31.40020643,5.29,1591.235992,5351.774177,1877.16121,1100.19051,186.4729678,10106.83486
2021-03-22,9.5,60.04,92.0,4.3,8.9,4.95,30.27955912,9.64,2498.737769,4301.309791,1982.829225,211.3360302,105.6680151,9099.88083
2021-03-29,10.0,58.33,72.0,4.466666667,8.5,4.53,30.67428175,13.11,3499.47603,5183.948506,3642.438638,323.2198109,124.3153119,12773.3983
2021-04-06,9.7,46.76,91.0,7.433333333,5.8,3.4,31.48114957,41.52,14619.48068,9317.432626,9820.909639,453.7508884,503.4770131,34715.05084
2021-04-12,8.7,45.79,68.0,4.233333333,6.7,3.09,31.30346214,25.12,3959.442684,8167.515991,4891.807523,484.8297164,254.8463894,17758.4423
2021-04-19,11.7,42.07,16.0,11.33333333,11.2,0.95,33.63925254,71.95,80867.11038,15421.31444,52865.08638,565.6346691,1442.057618,151161.2035
2021-04-26,12.6,30.22,6.0,12.23333333,10.2,0.8,31.33779798,143.61,84422.5283,10890.02132,63972.6595,1361.252665,2274.970208,162921.432
2021-05-04,11.9,48.76,3.0,5.633333333,9.2,2.29,30.5960434,100.28,,,,,,
2021-05-10,12.8,51.79,44.0,3.066666667,8.9,3.3,29.34110768,100.79,31358.53742,35299.33281,49185.35315,1889.592741,1292.879244,119025.6954
2021-05-17,13.8,82.12,26.0,3.233333333,3.8,3.91,28.39259206,71.91,9019.075877,42292.0691,324599.7109,1640.962117,522.1243099,378073.9423
2021-05-24,12.4,80.48,104.0,3.4,5.1,5.05,31.41840248,11.43,2163.086427,15551.84552,23999.07096,2461.443175,435.1035916,44610.54967
2021-06-01,17.2,46.54,65.0,11.4,13.7,4.94,30.00662663,20.8,6483.043515,20779.30438,35958.20396,2797.094517,609.1450282,66626.79141
2021-06-15,21.8,30.95,59.0,12.0,12.6,5.21,29.68197509,16.79,2212.812552,105394.5214,20095.57017,2206.596786,1336.389603,131245.8905
2021-06-21,16.4,58.32,156.0,0.0,0.0,5.87,26.44157762,2.63,335.6513421,17578.1851,3263.276937,1193.426994,304.5725141,22675.11289
2021-07-12,23.4,37.22,138.0,2.866666667,3.0,6.19,27.80612165,4.67,292.1409829,136628.7435,10796.78484,3008.430548,1205.858525,151931.9584
2021-07-19,19.4,22.2,127.0,12.6,12.8,6.02,27.31455748,4.93,236.1990926,244323.0982,8496.951568,3182.471984,1442.057618,257680.7785
2021-07-23,22.6,22.52,139.0,3.6,9.5,6.16,25.4065122,5.0,37.29459357,1131.269338,242.4148582,298.3567485,124.3153119,1833.65085
2021-08-02,19.5,25.28,53.0,2.933333333,3.6,6.48,38.55209267,3.79,273.4936862,272592.4001,7626.744384,20847.6778,1125.053573,302465.3696
2021-08-23,18.8,23.77,95.0,4.566666667,6.4,5.34,31.01826875,29.04,6489.259281,75341.29477,43640.89024,20599.04718,1081.543213,147152.0347
2021-08-30,17.9,18.51,216.0,2.466666667,0.0,6.88,34.43624999,7.59,217.5517958,203367.4187,7017.599356,23508.02548,2125.791833,236236.3872
2021-09-13,18.8,17.46,181.0,3.066666667,0.6,6.43,29.52246693,5.92,87.02071832,262883.3743,3630.007107,16173.42208,1218.290056,283992.1142
2021-09-20,18.1,16.61,213.0,5.8,9.6,6.77,36.34748147,3.46,80.80495273,276502.1167,3219.766578,7819.433118,1087.758979,288709.8803
2021-09-27,17.7,18.11,207.0,4.966666667,8.0,6.74,39.75636041,2.4,49.72612476,176297.7596,1373.684196,3654.870169,472.3981852,181848.4382
2021-10-04,14.5,36.84,234.0,4.1,6.3,6.21,33.9905397,2.6,118.0995463,62194.95054,1448.273383,1510.431039,236.1990926,65507.9536
2021-10-11,13.1,23.34,197.0,4.666666667,4.0,6.28,29.78995427,0.95,55.94189035,14464.08654,944.7963703,764.5391681,149.1783743,16378.54234
2021-10-18,13.6,19.02,195.0,2.066666667,0.2,6.59,34.19165254,1.6,49.72612476,23439.65206,1075.327448,640.2238562,136.7468431,25341.67633
2021-10-25,12.7,49.12,206.0,3.033333333,4.8,5.99,29.30444188,1.31,99.45224951,5594.189035,1025.601323,528.3400755,105.6680151,7353.250698
2021-11-01,11.8,74.1,210.0,6.166666667,7.6,6.83,27.40952207,2.33,142.9626087,3704.596294,938.5806048,335.6513421,161.6099055,5283.400755
2021-11-08,9.2,33.9,171.0,1.633333333,0.0,6.35,28.82694437,0.89,55.94189035,2057.418412,491.045482,217.5517958,49.72612476,2871.683705
2021-11-15,10.9,34.35,165.0,0.833333333,2.4,6.63,23.76399833,1.1,62.15765594,2051.202646,404.0247636,186.4729678,49.72612476,2753.584158
2021-11-22,9.3,26.93,160.0,3.666666667,5.8,6.61,34.0970625,1.12,24.86306238,2355.77516,385.3774669,242.4148582,55.94189035,3064.372438
2021-11-29,5.0,32.34,191.0,1.866666667,0.7,6.79,37.21420527,0.46,18.64729678,2455.22741,205.1202646,93.23648392,49.72612476,2821.95758
2021-12-06,6.2,36.68,192.0,1.733333333,0.0,6.16,37.5837879,0.88,93.23648392,1516.646805,279.7094517,205.1202646,49.72612476,2144.43913
2021-12-13,7.1,55.61,164.0,2.466666667,1.9,5.42,34.98806071,1.49,68.37342154,1280.447712,310.7882797,236.1990926,68.37342154,1964.181928
2022-01-04,9.8,94.98,141.0,0.7,1.4,5.55,31.60930939,1.83,130.7068832,1718.795514,457.4740911,398.6559936,182.9896364,2888.622118
2022-01-10,5.6,81.51,129.0,1.8,0.0,5.58,30.69937956,1.29,98.03016237,1339.745552,222.2017014,444.4034028,84.95947406,2189.340293
2022-01-17,5.7,55.25,130.0,3.066666667,6.2,5.91,35.97524009,0.71,98.03016237,1444.311059,209.1310131,169.9189481,65.35344158,1986.744624
2022-01-24,5.2,44.87,138.0,0.0,0.0,6.09,33.61482776,1.12,104.5655065,1758.007579,320.2318638,182.9896364,32.67672079,2398.471306
2022-01-31,7.6,38.69,139.0,3.866666667,3.8,6.13,36.64161572,1.11,98.03016237,2300.441144,379.0499612,176.4542923,71.88878574,3025.864345
2022-02-07,7.6,45.03,135.0,3.366666667,0.4,5.81,37.28535911,0.94,124.171539,3091.217787,522.8275327,372.514617,98.03016237,4208.761638
2022-02-14,7.8,73.73,135.0,2.266666667,3.5,5.49,36.26202803,1.23,91.49481821,1542.341221,196.0603247,254.8784222,1398.56365,3483.338436
2022-02-21,7.3,110.3,123.0,1.666666667,3.6,5.32,28.07180655,3.05,,,,,,
2022-02-28,9.7,61.78,95.0,6.1,0.0,5.3,26.67128012,2.47,829.9887081,3359.166897,1202.503325,405.1913378,143.7775715,5940.62784
2022-03-07,7.9,72.67,99.0,3.466666667,7.9,5.34,27.81300355,2.05,614.3223509,3006.258313,1032.584377,339.8378962,124.171539,5117.174476
2022-03-14,9.7,65.28,105.0,6.966666667,8.3,5.46,32.97387078,2.69,620.857695,4247.973703,1058.725754,320.2318638,78.4241299,6326.213145
2022-03-21,9.7,84.22,90.0,8.833333333,5.5,4.93,30.09839202,4.42,895.3421497,5332.840833,2006.350657,745.029234,307.1611754,9286.724049
2022-03-28,10.7,49.15,92.0,4.933333333,4.2,4.73,33.13861665,3.71,496.686156,7123.525132,1607.694663,509.7568443,150.3129156,9887.975711
2022-04-04,8.9,46.95,90.0,4.3,0.0,3.11,33.15799115,2.8,535.898221,7215.019951,1117.543851,385.5853053,182.9896364,9437.036964
2022-04-11,10.8,34.29,72.0,8.0,6.7,3.59,31.90002458,8.36,2686.026449,6907.858775,1784.148955,633.9283833,457.4740911,12469.43665
2022-04-25,13.9,31.26,7.0,9.233333333,7.1,0.51,27.94048729,228.66,100670.4414,6613.768288,14233.97958,1954.067903,1111.008507,124583.2657
2022-05-03,13.5,27.98,22.0,0.6,1.1,0.38,30.78604779,436.73,124374.1347,8652.795665,14645.70626,1195.967981,562.0395976,149430.6442
2022-05-09,16.4,25.09,2.0,7.566666667,7.5,1.25,28.24376333,467.58,99624.78635,9188.693886,34160.24391,1333.210208,1679.583449,145986.5178
2022-05-16,17.5,26.93,2.0,5.166666667,4.1,2.98,28.88828847,215.36,46289.84267,27624.89976,79201.83585,1150.220572,4385.21593,158652.0148
2022-05-23,17.9,24.43,6.0,6.666666667,2.5,2.69,28.29219818,239.56,78685.54366,15312.31136,16841.5819,954.1602471,2535.713533,114329.3107
2022-05-30,16.2,18.68,126.0,6.933333333,2.7,5.39,36.66370242,39.81,11214.65058,45917.32806,22631.89682,2241.623046,3659.792729,85665.29123
2022-06-06,17.5,29.65,172.0,1.766666667,0.6,5.98,35.65649318,10.7,1065.261098,153554.4463,24036.99581,5966.769216,2097.845475,186721.3179
2022-06-13,18.4,17.66,194.0,10.9,8.0,5.79,33.30344652,7.47,156.8482598,237638.1843,13985.6365,6613.768288,1731.866202,260126.3035
2022-06-20,19.9,17.26,192.0,5.166666667,12.5,5.91,33.31512182,12.31,117.6361948,82567.53809,12443.29528,7770.524204,4261.044391,107160.0382
2022-06-27,19.1,13.52,181.0,10.4,5.8,5.92,32.80443565,6.76,58.81809742,87286.05658,4084.590099,58.81809742,65.35344158,91553.63631
2022-07-04,19.3,14.34,181.0,6.6,9.1,5.73,35.66322256,2.75,26.14137663,139934.7891,4960.326216,23350.78468,1209.038669,169481.0801
2022-07-11,23.3,11.38,148.0,12.43333333,12.2,5.62,34.77174542,9.06,254.8784222,339354.2808,10998.98422,50655.45257,1150.220572,402413.8165
2022-07-18,26.9,9.841,161.0,12.66666667,12.4,5.39,34.73646314,4.98,91.49481821,216084.6192,4457.104716,55021.06247,1490.058468,277144.3397
2022-07-25,25.5,10.25,113.0,4.966666667,1.5,6.63,32.63600943,6.45,,,,,,
2022-08-01,22.5,10.1,155.0,3.566666667,7.6,6.36,34.25741547,7.32,437.8680586,162109.2118,5012.608969,52387.31877,2182.804949,222129.8126
2022-08-08,22.1,8.978,117.0,13.4,12.2,6.61,35.00480377,7.78,254.8784222,252140.113,2274.299767,27115.14291,346.3732404,282130.8073
2022-08-15,23.6,8.571,168.0,9.3,6.0,6.43,34.06681473,5.54,,,,,,
2022-08-22,21.3,10.09,180.0,6.333333333,3.1,6.81,35.51599356,7.41,130.7068832,217359.0114,1633.83604,31258.55111,653.5344158,251035.6398
2022-08-30,20.4,10.32,215.0,7.166666667,8.0,6.94,32.6401043,6.97,91.49481821,117642.7302,1058.725754,5051.821034,385.5853053,124230.3571
2022-09-05,20.3,13.44,170.0,2.9,4.5,7.13,35.48721953,5.56,196.0603247,131543.4072,829.9887081,3705.540138,398.6559936,136673.6524
2022-09-12,19.2,14.81,166.0,4.133333333,3.7,6.92,36.26644823,7.18,228.7370455,49629.40354,1039.119721,3110.823819,483.6154677,54491.69959
2022-09-26,16.5,11.67,210.0,5.266666667,4.7,6.99,36.12466382,2.39,143.7775715,51753.39039,640.4637275,1457.381747,379.0499612,54374.0634
