Sample ID,Date,Site name,Day,Month,Year,Time,Water temperature,Soluble Reactive P,Total phosphorus (_g/L),Silicon (mg-Si/L),Chlorophyll-a (_g/L),Dissolved nitrate (NO3),Total dissolved nitrogen (mg N/L),Dissolved organic carbon (mg/L),Sunshine duration ,Sunshine duration (3-d average),Mean daily flow (m3/s),Diatoms,Nano-chlorophytes,Pico-chlorophytes,Total Cryptophytes,Total Cyanobacteria,Total phytoplankton
TC16,40602,Thames at Runnymede,28,2,11,11:30,7.9,115,228,5.02,5.62,30.5747,8.91,NA,0,0.5,120.7,899.4264876,1365.973917,2496.269236,72.1465097,293.3958061,5127.211956
TC16,3/7/11,Thames at Runnymede,7,3,11,12:15,7.2,91,159,5.31,3.98,32.9649,8.63,NA,9.5,5.433333333,64.34,966.76323,1433.310659,2299.068776,115.4344155,197.2004598,5011.77754
TC16,40616,Thames at Runnymede,14,3,11,12:30,8.9,104,141,4.81,4.56,34.4106,9.03,NA,7,4.733333333,51.59,1539.12554,1139.914853,2871.431086,81.76604432,96.19534626,5728.43287
TC16,40623,Thames at Runnymede,21,3,11,13:15,9.4,90,133,4.35,1.28,33.85602222,8.54,NA,7,4.7,45.88,1192.822294,1760.374837,5367.700322,149.1027867,129.8637175,8599.863956
TC16,40630,Thames at Runnymede,28,3,11,13:15,11.5,87,132,3.54,8.74,32.29847556,8.24,NA,5.9,4.266666667,40.04,2313.498078,2015.292504,8628.72256,226.0590637,245.298133,13428.87034
TC16,4/5/11,Thames at Runnymede,5,4,11,13:30,11.8,38,141,2.62,92.35,29.0967,7.51,NA,0,2.1,36.14,30825.79871,7940.925834,10321.76065,1087.007413,812.8506759,50988.34329
TC16,4/11/11,Thames at Runnymede,11,4,11,15:45,15,66,134,3.08,50.49,29.2036,6.59,NA,4.8,8.966666667,32.21,17608.55813,12991.18151,26737.49649,1433.310659,591.6013795,59362.14818
TC16,40651,Thames at Runnymede,18,4,11,12:45,14.1,79,123,3.295,14.98,30.2634,7.59,NA,6.5,5.566666667,29.43,4184.497562,15458.59214,49030.76799,3318.739446,769.5627701,72762.15991
TC16,40659,Thames at Runnymede,26,4,11,14:00,16.5,7,153,0.02,294.55,21.9136,5.63,NA,2.8,7.766666667,25.85,38482.94827,5790.959845,29214.52666,2452.98133,798.421374,76739.83748
TC16,5/3/11,Thames at Runnymede,3,5,11,10:45,15.3,3,117,0.11,145.58,21.8811,5.61,NA,11.5,10.86666667,22.89,21562.18687,4583.708249,9263.611845,1428.500892,779.1823047,37617.19016
TC16,5/9/11,Thames at Runnymede,9,5,11,11:30,17.3,3,151,1.04,188.71,22.1228,5.76,NA,11.3,7.5,26.69,34312.88001,7984.21374,7450.329568,2852.192017,827.2799779,53426.89532
TC16,40680,Thames at Runnymede,17,5,11,10:15,16,7,166,0.84,275.87,20.4322,5.41,NA,0.8,2.6,20.75,64787.56571,7132.884925,5896.774726,2924.338526,1500.647402,82242.21129
TC16,40686,Thames at Runnymede,23,5,11,11:45,16.6,50,201,5.18,104.27,26.6154,7.56,NA,11.9,12.26666667,19.08,20677.18968,101495.7098,18498.36509,2318.307845,3371.646887,146361.2193
TC16,40694,Thames at Runnymede,31,5,11,11:00,15.7,172,197,5.33,13.75,28.3298,7.98,NA,10.3,4.3,19.5,1192.822294,21446.75245,85835.10747,312.6348754,3020.533873,111807.851
TC16,6/6/11,Thames at Runnymede,6,6,11,14:45,17,164,208,4.75,5.39,27.6844,6.59,3.3,2.9,3.1,19.89,524.2646371,8652.771396,61512.11417,865.7581164,2250.971103,73805.87942
TC16,40707,Thames at Runnymede,13,6,11,13:00,17.2,207,262,5.24,4.06,28.8667,7.15,3.46,6.5,4.9,22.77,230.868831,7859.15979,93559.59378,461.7376621,894.6167203,103005.9768
TC16,40715,Thames at Runnymede,21,6,11,15:15,17.6,225,262,5.17,6.01,27.2404,7.09,3.49,8.2,5.166666667,18.89,495.4060333,9306.899751,170058.9429,1529.506006,1274.588338,182665.343
TC16,40721,Thames at Runnymede,27,6,11,10:30,19.4,189,242,7.05,8.68,24.3952085,6.07,4.48,5.5,6,17.91,702.2260277,12909.41547,104059.3158,880.1874183,1409.261823,119960.4066
TC16,7/4/11,Thames at Runnymede,4,7,11,10:00,19.3,143,237,5.45,7.12,25.502,6.06,3.93,2.2,5.266666667,13.32,783.9920721,14765.98565,92708.26496,1019.67067,1952.765529,111230.6789
TC16,7/11/11,Thames at Runnymede,11,7,11,13:30,19.5,166,213,5.69,10.08,27.0326,6.77,3.26,8.9,5.466666667,16.62,548.3134737,6406.610061,73469.19571,981.1925319,3847.813851,85253.12563
TC16,40742,Thames at Runnymede,18,7,11,10:30,17.9,164,214,5.2,3.34,26.349,6.26,3.36,0.7,2.5,18.3,259.7274349,3506.320371,47169.38804,341.4934792,2000.863202,53277.79253
TC16,40749,Thames at Runnymede,25,7,11,10:30,18.9,192,228,4.68,8.58,26.4517518,6.27,3.35,11.1,10.33333333,15.01,394.4009197,8210.272804,70559.28648,1587.223213,1592.032981,82343.2164
TC16,8/1/11,Thames at Runnymede,1,8,11,11:45,20.3,200,244,4.4,4.69,24.595,5.79,4.14,9,9.333333333,11.6,344.6999908,2781.648763,73942.15616,732.6878874,2363.199007,80164.39181
TC16,8/8/11,Thames at Runnymede,8,8,11,8:45,18.8,214,267,4.55,2.55,24.3358,5.84,3.27,7.6,4.466666667,15.35,134.6734848,4540.420344,33139.29679,822.4702106,6103.59472,44740.45555
TC16,40770,Thames at Runnymede,15,8,11,10:00,19.2,293,352,5.78,3.84,24.4453,6.13,6.04,7.3,4.7,12.45,120.2441828,5858.296587,44860.69973,601.2209142,12462.10711,63902.56852
TC16,40778,Thames at Runnymede,23,8,11,10:00,17.3,322,347,5.89,3.42,25.0052,7.22,3.64,0,5,15.83,86.57581164,1919.097158,46625.88433,1308.256709,5098.353352,55038.16737
TC16,40785,Thames at Runnymede,30,8,11,10:00,16.3,253,301,6.12,3.18,24.6058,5.42,4.19,0,3.166666667,19.21,76.95627701,2255.78087,42879.0756,495.4060333,2611.703651,48318.92243
TC16,9/5/11,Thames at Runnymede,5,9,11,10:00,17,247,294,5.93,2.3,24.5656,5.33,4.31,4.7,3.266666667,17.48,86.57581164,2313.498078,40267.37195,495.4060333,2303.878543,45466.73041
TC16,40799,Thames at Runnymede,13,9,11,9:30,16.7,232,276,6.22,3.59,27.8301,6.89,4.05,7.6,7,15.53,91.38557895,2991.675269,73411.4785,197.2004598,2741.567369,79433.30718
TC16,40805,Thames at Runnymede,19,9,11,10:30,16,248,291,5.78,2.48,27.9835,6.72,4.04,2.8,3.333333333,14.52,28.85860388,1601.652515,49112.53404,1192.822294,1659.369723,53595.23717
TC16,40812,Thames at Runnymede,26,9,11,11:45,16.2,192,230,5.83,2.25,29.4141,7.54,3.63,3.7,3.433333333,14.7,62.52697507,1019.67067,105059.7474,317.4446427,1240.919967,107700.3097
TC16,10/3/11,Thames at Runnymede,3,10,11,12:45,17.9,202,245,5.63,2.27,30.0334,7.06,5.31,6.6,8,12.56,62.52697507,1289.01764,61704.50486,649.3185873,1082.197645,64787.56571
TC16,10/10/11,Thames at Runnymede,10,10,11,11:45,15.8,251,276,6.15,2.31,34.5614,9.22,3.02,0,0.2,12.96,38.47813851,1043.719507,49737.80379,153.912554,548.3134737,51522.22746
TC16,40833,Thames at Runnymede,17,10,11,13:30,14.3,224,282,6.46,3.43,32.56582702,8.76,3.83,1,4.333333333,12.16,43.28790582,904.2362549,55485.47573,384.7813851,495.4060333,57313.1873
TC16,40841,Thames at Runnymede,25,10,11,13:00,13,226,269,6.61,1.74,31.37490175,8.06,3.44,4.6,4.533333333,13.83,28.85860388,538.6939391,36688.90507,365.5423158,726.2748643,38348.27479
TC16,40847,Thames at Runnymede,31,10,11,13:00,13,258,292,6.45,1.12,32.56096347,7.95,3.19,0.7,1.833333333,14.98,38.47813851,1082.197645,17223.77675,115.4344155,341.4934792,18801.38043
TC16,11/7/11,Thames at Runnymede,7,11,11,13:00,12.4,308,357,6.74,2.03,31.02284741,8.14,3.7,0,0.633333333,19.6,24.04883657,942.7143934,14184.00381,125.0539501,432.8790582,15708.70004
TC16,40861,Thames at Runnymede,14,11,11,11:45,11.7,277,324,7.23,0.9,28.76777884,7.27,6.35,0,2.533333333,16.39,0,327.0641773,6637.478892,182.7711579,327.0641773,7474.378405
TC16,40868,Thames at Runnymede,21,11,11,13:00,10.3,273,323,7.76,0.9,32.85660263,8.09,4.49,0,2.066666667,14.6,0,1183.202759,15958.80795,149.1027867,591.6013795,17882.71487
TC16,40875,Thames at Runnymede,28,11,11,13:45,8.9,281,341,8.12,0.92,34.72878315,8.69,3.51,0,2.066666667,14.47,9.619534626,981.1925319,14943.94704,216.4395291,808.0409086,16959.23955
TC16,12/5/11,Thames at Runnymede,5,12,11,12:45,8,288,324,7.51,0.69,37.59152104,10.98,3.55,3.2,2.066666667,16.26,4.809767313,735.8943989,8248.750942,216.4395291,423.2595236,9629.154161
TC16,12/12/11,Thames at Runnymede,12,12,11,14:15,6.4,275,309,7.38,0.93,35.52178014,10.21,3.47,4.9,2.9,23.74,28.85860388,336.6837119,4785.718477,278.9665042,211.6297618,5641.857058
TC16,40896,Thames at Runnymede,19,12,11,14:30,4.7,279,327,6.14,1,32.79242341,7.98,6.23,0,2.5,33.89,67.33674239,663.7478892,4203.736632,101.0051136,259.7274349,5295.553812
TC16,1/3/12,Thames at Runnymede,3,1,12,13:00,8.1,234,298,6.41,1.15,32.6872,7.64,5.68,1.6,2.433333333,49.15,101.0051136,456.9278948,2255.78087,139.4832521,365.5423158,3318.739446
TC16,1/9/12,Thames at Runnymede,9,1,12,13:45,7.8,222,269,5.68,1.23,30.22329336,7.56,4.96,0.7,1.833333333,40.99,163.5320886,543.5037064,2832.952947,76.95627701,206.8199945,3823.765014
TC16,40924,Thames at Runnymede,16,1,12,13:00,6.3,221,270,6.04,1.37,33.98415747,8.51,5.25,5.7,5.233333333,26.17,192.3906925,336.6837119,2731.947834,43.28790582,105.8148809,3410.125025
TC16,40931,Thames at Runnymede,23,1,12,13:45,7.6,211,240,6.18,1.32,34.6623,8.87,4.42,0,1.033333333,29.99,134.6734848,322.25441,2198.063662,81.76604432,86.57581164,2823.333413
TC16,40938,Thames at Runnymede,30,1,12,13:15,6.4,194,248,5.41,2.11,33.373,8.41,4.34,3.5,1.3,35.09,466.5474294,331.8739446,2688.659928,67.33674239,134.6734848,3689.091529
TC16,2/7/12,Thames at Runnymede,7,2,12,11:30,6.35,204,266,5.49,2.1,33.69810599,9.3,3.86,2.1,0.733333333,37.88,586.7916122,437.6888255,2808.904111,48.09767313,120.2441828,4001.726405
TC16,40959,Thames at Runnymede,20,2,12,10:45,6.3,308,222,4.86,11.25,35.14151271,8.84,3.96,1.8,2.666666667,33.78,4093.111984,1438.120427,7753.344909,86.57581164,206.8199945,13577.97313
TC16,40966,Thames at Runnymede,27,2,12,10:15,9.2,148,198,4.18,6.01,33.90136205,8.74,4.69,0,4.866666667,27.34,1361.16415,904.2362549,8691.249535,211.6297618,221.2492964,11389.529
TC16,3/5/12,Thames at Runnymede,5,3,12,12:00,9.3,171,208,3.51,6.03,33.06488607,8.65,5.04,7.3,4.333333333,58.85,2486.649701,1135.105086,13289.38709,245.298133,317.4446427,17473.88465
TC16,3/12/12,Thames at Runnymede,12,3,12,10:45,9.9,161,205,3.68,10.02,30.50607715,7.59,3.99,2.1,4.266666667,31.79,4227.785468,2154.775756,15290.25029,240.4883657,360.7325485,22274.03243
TC16,40987,Thames at Runnymede,19,3,12,11:45,10.2,200,229,4.31,2.96,31.41100681,8.08,4.912251949,10,4.3,26.11,1139.914853,909.0460222,11086.51366,125.0539501,259.7274349,13520.25592
TC16,40994,Thames at Runnymede,26,3,12,12:15,12.5,195,229,3.68,6.47,30.26709152,7.51,5.17,10.6,8.9,22.6,2635.752488,1596.842748,19441.07948,2231.732033,1365.973917,27271.38067
TC16,4/10/12,Thames at Runnymede,10,4,12,11:00,11.1,6,206,0.79,193.82,24.64674612,5.76,5.68,8.9,3.033333333,23.17,40844.54402,4506.751972,17243.01582,7517.666311,495.4060333,70607.38416
TC16,41015,Thames at Runnymede,16,4,12,11:30,11,41,194,1.67,242.84,25.76909251,6.13,4.55,8.9,6.6,21.55,6988.591906,2751.186903,3054.202244,716.6553297,841.7092798,14352.34566
TC16,41022,Thames at Runnymede,23,4,12,10:45,11.1,192,266,2.8,33.26,25.82416797,6.46,4.3,0.9,5.266666667,38.2,11322.19226,14049.33032,58275.14077,1289.01764,5627.427756,90563.10874
TC16,41029,Thames at Runnymede,30,4,12,12:45,11.3,159,551,4.18,26.74,23.8550425,5.28,7.68,9.8,4.066666667,181.4,2135.536687,5252.265906,11235.61644,1721.896698,4747.240338,25092.55607
TC16,5/8/12,Thames at Runnymede,8,5,12,10:15,10.9,127,209.1,5.22,5.98,23.46161631,5.04,8.08,3.9,3.033333333,116.1,904.2362549,2284.639474,5295.553812,303.0153407,2053.770643,10841.21552
TC16,41043,Thames at Runnymede,14,5,12,9:45,13.1,123,227,4.66,10.02,22.7602,5.09,7.82,2.5,8.266666667,90.72,1519.886471,5632.237524,5920.823563,365.5423158,2385.644587,15824.13446
TC16,41050,Thames at Runnymede,21,5,12,9:30,12.8,124,179,4.42,5.25,26.4223,6.51,8.26,3,1,55.73,1577.603679,9956.218338,8171.794665,365.5423158,884.9971856,20956.15618
TC16,41058,Thames at Runnymede,29,5,12,12:45,20.5,141,226,3.51,46.6,26.4648,6.74,4.97,10.5,10.96666667,36.09,9912.930433,62074.85694,35231.54557,5810.198914,2318.307845,115347.8397
TC16,6/6/12,Thames at Runnymede,6,6,12,10:15,16.1,158,218,4.11,5.92,27.6182,7.07,4.48,3.9,1.7,55.64,562.7427756,4247.024538,14679.40984,389.5911524,533.8841718,20412.65248
TC16,6/11/12,Thames at Runnymede,11,6,12,10:00,14.8,157,228,5.15,5.63,24.2906,5.61,6.05,0,2.933333333,83,615.6502161,2645.372022,5497.564039,240.4883657,630.079518,9629.154161
TC16,41078,Thames at Runnymede,18,6,12,9:45,15.6,158,214,6.15,4.56,18.433,3.92,9.54,6.2,5.333333333,86.03,562.7427756,4242.21477,6584.571452,312.6348754,884.9971856,12587.16106
TC16,41085,Thames at Runnymede,25,6,12,10:15,16.8,166,213,5.46,2.94,21.33291973,5.19,7.48,9.5,7.3,92.69,456.9278948,5449.466366,10951.84017,379.9716177,2034.531573,19272.73762
TC16,7/3/12,Thames at Runnymede,3,7,2012,11:30,17.4,190,241,5.97,2.47,21.61340774,5.46,7.74,0,2.866666667,54.84,206.8199945,3063.821779,7344.514687,125.0539501,986.0022992,11726.21271
TC16,7/9/12,Thames at Runnymede,9,7,2012,10:45,17.1,151,346,5.16,5.64,19.63216399,4.76,7.16,0,2.1,111.8,370.3520831,2452.98133,7633.100726,721.465097,2308.68831,13486.58755
TC16,41106,Thames at Runnymede,16,7,2012,10:30,16,109,188,5.7,5.19,18.39198941,3.73,9.86,0.4,2.333333333,110.3,283.7762715,1861.37995,4800.147779,235.6785983,1601.652515,8782.635114
TC16,41113,Thames at Runnymede,23,7,12,10:15,18.8,130,183,5.76,2.92,19.81968141,4.59,6.51,13.5,10.46666667,56.98,338.2869677,5064.684981,9138.557895,341.4934792,1425.29438,16308.3177
TC16,41120,Thames at Runnymede,30,7,12,10:15,19,111,217,5.58,4.63,24.89493013,6.05,5.46,11,10.43,43.02,182.7711579,7628.290959,23981.49982,1197.632061,4247.024538,37237.21854
TC16,8/6/12,Thames at Runnymede,6,8,12,9:00,18.3,146,191,4.77,3.37,25.16072096,6.02,3.8,5.7,6.633333333,60.14,96.19534626,7286.79748,34861.19349,1572.793911,4891.533358,48708.51358
TC16,41134,Thames at Runnymede,13,8,12,12:30,19.6,184,221,5.17,1.75,25.0137,6.31,5.49,0.5,5.1,36.62,187.5809252,5074.304515,52864.15254,716.6553297,5661.096128,64503.78944
TC16,41141,Thames at Runnymede,20,8,12,13:00,20.5,182,213,5.43,3.61,25.0969,6.35,4.83,6.9,9.466666667,36.39,105.8148809,9802.305784,131734.7169,1803.662742,13053.70849,156500.2088
TC16,41149,Thames at Runnymede,28,8,12,10:00,18.1,183,235,5.74,2.08,25.6057,6.63,4.33,10.8,6.366666667,34.61,81.76604432,5247.456139,115852.8653,1548.745075,8542.146748,131272.9793
TC16,9/3/12,Thames at Runnymede,3,9,12,10:15,17.3,153,202,5.42,1.98,24.8808,6.2,4.07,9.2,4.833333333,36.79,221.2492964,6719.244937,110153.291,577.1720776,5132.021723,122802.979
TC16,9/11/12,Thames at Runnymede,11,9,12,12:45,18.7,189,215,5.98,3.12,26.33947633,6.41,4.67,10.1,6.066666667,28.91,101.0051136,3001.294803,47130.9099,793.6116067,3155.207357,54182.02878
TC16,41169,Thames at Runnymede,17,9,12,10:15,16.2,163,193,5.76,2.06,27.45104921,6.59,6.82,3.8,5.133333333,26.71,28.85860388,2178.824593,59900.84212,1404.452055,2491.459468,66004.43684
TC16,41176,Thames at Runnymede,24,9,12,10:45,13.9,112,198,5.56,2.58,29.50629154,6.98,6.04,2.1,3.633333333,60.9,43.28790582,1649.750188,47126.10013,408.8302216,1452.549729,50680.51818
TC16,10/2/12,Thames at Runnymede,2,10,12,10:15,13.5,188,238,5.66,1.38,30.77827491,6.89,8.46,3.8,2.533333333,42.21,57.71720776,553.123241,2015.292504,105.8148809,630.079518,3362.027352
TC16,10/9/12,Thames at Runnymede,9,10,12,10:30,11.6,161,223,5.2,3.73,27.842,6.9,8.13,1.5,0.633333333,98.47,245.298133,1149.534388,3616.94502,312.6348754,1115.866017,6440.278432
TC16,41197,Thames at Runnymede,15,10,2012,11:00,11.1,142,200,5.81,1.64,27.07891547,6.58,5.77,1.1,4.4,70.67,163.5320886,533.8841718,2082.629247,76.95627701,399.210687,3256.212471
TC16,41204,Thames at Runnymede,23,10,12,10:15,12.3,118,277,6.06,2.6,25.34917976,6.05,9.32,0,0.6,102.5,216.4395291,620.4599834,2145.156222,226.0590637,755.1334682,3963.248266
TC16,41211,Thames at Runnymede,29,10,12,11:00,10.5,122,156,6.42,0.9,26.82171504,6.81,6.58,1,2.4,59.23,86.57581164,259.7274349,1418.881357,52.90744045,235.6785983,2053.770643
TC16,11/5/12,Thames at Runnymede,5,11,12,11:15,8,140,211,5.73,3.16,25.37890759,5.6,8.2,7.3,4.2,154,192.3906925,505.0255679,2183.63436,192.3906925,716.6553297,3790.096643
TC16,11/12/12,Thames at Runnymede,12,11,12,10:45,8.2,111,264,5.85,1.87,25.91177387,5.97,6.7,0,2.3,88.78,144.2930194,274.1567369,923.4753241,240.4883657,303.0153407,1885.428787
TC16,41232,Thames at Runnymede,19,11,12,10:15,8.8,129,183,6.2,0.91,28.76094207,7.04,4.85,0,1.8,63.68,144.2930194,153.912554,995.6218338,43.28790582,96.19534626,1433.310659
TC16,41239,Thames at Runnymede,26,11,12,12:30,8.5,127,453,5.27,10.96,17.88552052,4.34,9.76,0,1.333333333,259.8,283.7762715,808.0409086,3010.914338,471.3571967,1390.022754,5964.111468
TC16,12/3/12,Thames at Runnymede,3,12,12,12:15,4.2,94,122,5.62,1.57,25.89079188,6,7.92,0.4,1.1,228.6,96.19534626,153.912554,1226.490665,129.8637175,226.0590637,1832.521346
TC16,12/10/12,Thames at Runnymede,10,12,12,11:00,5.3,90,116,5.56,0.88,29.48734149,6.93,5.03,4.9,3.666666667,129.5,72.1465097,67.33674239,615.6502161,62.52697507,163.5320886,981.1925319
TC16,41260,Thames at Runnymede,17,12,12,11:00,6,105,216,5.16,1.61,27.5129551,6.56,6.78,4.9,4.333333333,162.4,96.19534626,177.9613906,1130.295319,197.2004598,519.4548698,2121.107385
TC16,1/7/13,Thames at Runnymede,7,1,13,11:00,8.6,95,123,5.29,0.91,26.8083268,5.76,10.29,0,0,199.9,52.90744045,105.8148809,721.465097,76.95627701,250.1079003,1207.251596
TC16,41288,Thames at Runnymede,14,1,13,11:00,5.9,94,147,5.72,0.89,29.36037038,6.3,7.59,0.1,1.3,136.5,72.1465097,197.2004598,904.2362549,81.76604432,163.5320886,1418.881357
TC16,41295,Thames at Runnymede,21,1,13,10:45,3.6,92,185,5.85,0.9,30.27310064,7.05,7.38,0,0,107.7,86.57581164,245.298133,827.2799779,129.8637175,177.9613906,1466.979031
TC16,41302,Thames at Runnymede,28,1,13,12:15,5.6,99,245,5.11,2.01,25.85766522,5.99,8.04,0,3.433333333,209.9,177.9613906,264.5372022,1212.061363,177.9613906,442.4985928,2275.019939
TC16,2/4/13,Thames at Runnymede,4,2,13,11:00,6.4,83,143,4.56,1.54,24.4102,5.71,6.21,3.4,3.933333333,220.8,206.8199945,322.25441,1543.935308,120.2441828,437.6888255,2630.94272
TC16,2/11/13,Thames at Runnymede,11,2,2013,11:00,5.4,103,220,5.01,2.87,27.04954233,6.81,7.9,0,0,214.9,158.7223213,221.2492964,1842.140881,33.66837119,298.2055734,2553.986443
TC16,41323,Thames at Runnymede,18,2,13,11:00,6.5,76,144,4.09,2.73,25.50811887,6.03,5.76,7,4.666666667,201.3,466.5474294,336.6837119,2284.639474,96.19534626,202.0102272,3386.076189
TC16,41330,Thames at Runnymede,25,2,13,11:00,4.3,95,126,5.17,1.63,32.75671319,8.68,3.86,0,0,105.7,365.5423158,245.298133,2380.83482,57.71720776,144.2930194,3193.685496
TC16,3/4/13,Thames at Runnymede,4,3,13,11:00,6.2,101,178,5.39,2.27,33.9189,8.75,2.97,8.3,3.066666667,86.19346341,649.3185873,399.210687,3386.076189,177.9613906,96.19534626,4708.7622
TC16,3/11/13,Thames at Runnymede,11,3,13,12:00,6.6,108,193,5,4.72,28.49579555,6.24,5.15,0.4,0.133333333,104.3545882,1212.061363,663.7478892,2794.474809,211.6297618,355.9227812,5237.836604
TC16,41351,Thames at Runnymede,18,3,13,11:15,6.6,103,309,4.53,7.87,25.47945637,5.94,9.93,0.3,0.633333333,218.3799076,2265.400405,1183.202759,3006.104571,519.4548698,668.5576565,7642.720261
TC16,41358,Thames at Runnymede,25,3,13,11:00,3.9,98,230,4.3,4.76,23.59694787,5.53,6.77,0,0,184.8506385,1731.516233,1543.935308,2674.230626,211.6297618,548.3134737,6709.625402
TC16,4/2/13,Thames at Runnymede,2,4,13,15:15,6.3,80,123,4.96,3.64,30.15579139,8.89,3.78,11.5,6.133333333,93.11379518,2409.693424,1745.945535,2933.958061,86.57581164,177.9613906,7354.134222
TC16,4/8/13,Thames at Runnymede,8,4,13,11:00,7.1,91,135,4.64,8.31,32.21340532,8.7,4.1,0.2,4.4,72.43762473,6305.604948,4045.01431,3405.315258,110.6246482,115.4344155,13981.99358
TC16,41379,Thames at Runnymede,15,4,13,11:15,11,76,160,3.8,20.13,26.94971787,5.67,10.84,3.8,2.933333333,99.23105906,14563.97542,12380.34106,4703.952432,456.9278948,288.5860388,32393.78285
TC16,41387,Thames at Runnymede,23,4,13,10:30,12.4,86,136,3.38,25.75,28.02384251,7.39,4.68,12.5,6.3,66.02562107,20566.56503,8171.794665,15458.59214,735.8943989,634.8892853,45567.73553
TC16,41393,Thames at Runnymede,29,4,13,11:00,12.3,78,140,2.91,28.44,26.5334474,5.85,9.21,11.2,6.133333333,56.34009004,6156.502161,5367.700322,13929.08614,649.3185873,697.4162604,26800.02347
TC16,5/7/13,Thames at Runnymede,7,5,13,11:45,15.5,6,138,0.33,222.95,24.06355995,5.81,4.81,13.2,9.766666667,45.40779232,87037.5493,40175.98637,7373.373291,5819.818449,1683.41856,142090.146
TC16,41407,Thames at Runnymede,13,5,13,11:15,13.9,0,172,0.81,221.05,23.79915002,5.08,9.54,8.2,6.1,52.34080072,65028.05407,17411.35767,3203.305031,3362.027352,1130.295319,90135.03945
TC16,41414,Thames at Runnymede,20,5,13,12:00,13.6,12,199,2.59,158.31,26.15351719,6.14,4.91,0.1,2.8,47.96882902,60261.57467,18584.9409,4530.800809,1197.632061,1298.637175,85873.58561
TC16,41422,Thames at Runnymede,28,5,13,13:00,13.7,17,233,3.16,252.31,24.98055922,5.9,6.53,0,8.5,56.1815879,72064.74365,58270.331,8652.771396,1986.4339,2029.721806,143004.0018
TC16,6/3/13,Thames at Runnymede,3,6,13,13:45,15.9,77,274,3.5,128.22,27.74905502,7.14,4.46,14.1,13.5,42.97461672,53883.82321,71280.75158,13246.09918,2770.425972,2505.88877,143686.9887
TC16,6/10/13,Thames at Runnymede,10,6,13,12:45,16.1,64,256,3.92,180.66,27.7271,7.21,4.22,0.5,6.7,35.84081264,35625.94649,21600.665,8431.5221,3549.608277,4857.864986,74065.60686
TC16,41442,Thames at Runnymede,17,6,13,11:30,15.8,115,254,5.08,75.95,24.6836,7.24,3.88,1.2,3.1,33.22006042,20484.79899,32643.89075,20388.60364,1014.860903,5271.504975,79803.65926
TC16,41449,Thames at Runnymede,24,6,13,11:15,16.1,181,265,6.15,15.19,27.02007514,8.01,3.92,4.5,3.766666667,30.13619985,5435.037064,15795.27586,26309.4272,514.6451025,4035.394776,52089.78
TC16,7/1/13,Thames at Runnymede,1,7,13,11:15,19.4,82,252,4.94,141.69,25.39680911,6.27,3.98,9,8.833333333,28.13800423,44870.31926,12043.65735,7734.10584,2991.675269,1798.852975,69438.6107
TC16,7/8/13,Thames at Runnymede,8,7,13,11:30,21,245,310,6.82,30.1,27.10025315,6.8,3.68,12.9,12.36666667,22.29405461,5035.826377,27660.97182,53811.6767,1572.793911,13549.11452,101630.3833
TC16,41470,Thames at Runnymede,15,7,13,11:15,22.6,224,291,6.71,14.36,26.4169,6.77,4.35,11,11.43333333,19.13373555,2092.248781,31364.49265,201500.3918,1678.608792,59948.93979,296584.6818
TC16,41477,Thames at Runnymede,22,7,13,11:15,22.9,209,280,6.48,6.6,23.92372437,6.87,5.82,10.6,7.966666667,16.64990842,986.0022992,8691.249535,86431.51862,572.3623103,35515.32184,132196.4546
TC16,41484,Thames at Runnymede,29,7,13,11:45,21.6,220,301,6.89,5.76,24.08692091,6.57,5,7.1,6.833333333,25.06179182,1678.608792,8845.162089,84926.06145,413.6399889,22615.52591,118478.9982
TC16,8/5/13,Thames at Runnymede,5,8,13,10:30,20.8,249,317.5471698,6.43,8.35,23.13957344,5.02,9.9,1.8,4.933333333,21.97640391,1731.516233,7339.70492,94054.99981,480.9767313,17243.01582,120850.2135
TC16,8/12/13,Thames at Runnymede,12,8,2013,10:30,19.7,259,308,6.56,9.85,25.2313,6.73,4.3,8.7,8.6,17.25061227,966.76323,4203.736632,128699.7538,577.1720776,18892.76601,153340.1917
TC16,41505,Thames at Runnymede,19,8,13,11:00,18.9,238,280,6.71,2.21,27.4657,7.49,3.92,9.3,6.966666667,17.01175963,519.4548698,5208.978,98629.08852,505.0255679,9032.743014,113895.29
TC16,41513,Thames at Runnymede,27,8,13,11:00,19.2,251,300,6.78,5.67,28.33415465,7.94,4.43,10.4,8.4,17.54406381,716.6553297,3665.042693,90986.36826,538.6939391,13914.65684,109821.4171
TC16,9/2/13,Thames at Runnymede,2,9,13,11:00,19,239,277,6.49,6.73,27.70038597,6.96,4.06,10.1,8.733333333,14.75310035,961.9534626,5834.247751,62878.08809,1144.724621,14948.75681,85767.77073
TC16,9/10/13,Thames at Runnymede,10,9,13,12:15,16.8,247,295,6.65,5.46,28.31990694,7.99,3.95,3,3.166666667,17.8420114,735.8943989,4550.039878,72521.67155,548.3134737,14477.39961,92833.31891
TC16,41533,Thames at Runnymede,16,9,13,10:45,14.6,208,259,6.53,1.98,27.51624663,7.13,4.18,9.5,3.566666667,26.03587714,202.0102272,3227.353867,43052.22722,202.0102272,7469.568637,54153.17018
TC16,41540,Thames at Runnymede,23,9,13,10:15,14.9,211,260,6.6,3.26,28.23100371,7.16,4.13,0,1.333333333,18.43409491,153.912554,2900.28969,59655.54399,389.5911524,5093.543585,68192.88097
TC16,41547,Thames at Runnymede,30,9,13,10:15,15.5,233,265,6.75,4.26,29.5087349,7.73,4.52,0.1,2.666666667,15.83368789,221.2492964,3703.520831,89769.49713,557.9330083,3665.042693,97917.24296
TC16,10/7/13,Thames at Runnymede,7,10,13,10:45,15.8,201,234,6.889,2.51,28.47268625,7.6,6.86,2.9,4.6,15.21260206,168.341856,3342.788283,61637.16812,355.9227812,1923.906925,67428.12796
TC16,41561,Thames at Runnymede,14,10,13,10:15,12.8,233,268,7.27,2.27,31.16747021,8.31,4.29,0.2,1.466666667,25.32712431,81.76604432,2356.785983,25924.64582,278.9665042,1202.441828,29844.60618
TC16,41568,Thames at Runnymede,21,10,13,9:30,13.2,241,296,6.6,3.06,27.63529967,7.19,5.05,0.1,1.133333333,34.44908205,101.0051136,1827.711579,31956.09403,81.76604432,1226.490665,35193.06743
TC16,41575,Thames at Runnymede,28,10,13,10:30,13.6,218,311,5.93,4.45,27.98908739,5.85,8.55,2.7,3.033333333,64.83817933,206.8199945,1279.398105,9970.64764,206.8199945,500.2158006,12163.90154
TC16,11/4/13,Thames at Runnymede,4,11,13,12:00,11.1,183,304,6.16,2.62,34.59858666,8.6,6.08,6.7,6.1,66.2387651,240.4883657,702.2260277,3588.086416,125.0539501,389.5911524,5045.445912
TC16,11/11/13,Thames at Runnymede,11,11,13,11:00,9,151,256,5.84,3.67,34.14299177,8.11,8.1,0,2.166666667,71.22057146,235.6785983,678.1771912,3347.59805,254.9176676,418.4497562,4934.821263
TC16,41596,Thames at Runnymede,18,11,13,11:45,8.4,134,199,5.52,1.85,34.25341296,8.18,8.99,0,0,47.18624308,163.5320886,312.6348754,2005.67297,52.90744045,139.4832521,2674.230626
TC16,41603,Thames at Runnymede,25,11,13,11:00,6.9,138,173,5.48,1.66,31.70672716,8.29,7.81,0,0.733333333,44.8511232,177.9613906,226.0590637,1192.822294,67.33674239,76.95627701,1741.135767
TC16,12/2/13,Thames at Runnymede,2,12,13,12:15,7.5,148,182,5.55,1.17,32.60189727,8.31,9.99,0,0.4,35.61033661,153.912554,259.7274349,1519.886471,168.341856,129.8637175,2231.732033
TC16,12/9/13,Thames at Runnymede,9,12,13,11:30,7.2,147,185,5.75,1.21,32.73167781,8.65,4.06,4.2,2.5,34.93740734,110.6246482,341.4934792,1481.408332,33.66837119,48.09767313,2015.292504
TC16,1/6/14,Thames at Runnymede,6,1,13,13:00,7.6,135,289,4.88,2.44,18.78118375,4.23,9.58,1,0.333333333,310.5494266,57.71720776,336.6837119,1818.092044,163.5320886,456.9278948,2832.952947
TC16,41652,Thames at Runnymede,13,1,14,11:15,5.8,115,176,5.13,1.38,23.80139237,5.84,7.4,5.2,4.166666667,323.5185781,62.52697507,240.4883657,1298.637175,96.19534626,177.9613906,1875.809252
TC16,41659,Thames at Runnymede,20,1,14,11:15,6.9,104,155,4.71,1.14,24.42838764,5.9,6.51,2.3,2.4,274.2387492,105.8148809,264.5372022,1322.686011,125.0539501,158.7223213,1976.814366
TC16,41666,Thames at Runnymede,27,1,14,11:15,6.7,100,142,4.31,2.52,24.97838657,6.14,4.98,2.7,1.033333333,224.7234721,331.8739446,379.9716177,1197.632061,115.4344155,317.4446427,2342.356682
TC16,2/3/14,Thames at Runnymede,3,2,14,12:15,6.2,85,163,3.92,3.01,21.5237,4.9,6.86,0.3,4.166666667,298.4695458,519.4548698,384.7813851,1399.642288,187.5809252,437.6888255,2929.148294
TC16,41694,Thames at Runnymede,24,2,14,11:15,8.8,54,78,2.4,7.13,24.2077,6.05,5.07,0.5,2.666666667,231.4512557,1515.076704,764.7530028,2149.965989,120.2441828,327.0641773,4877.104056
TC16,3/3/14,Thames at Runnymede,3,3,14,12:00,7.8,68,134,2.95,7.91,23.3818,5.57,6.05,4.8,4.133333333,241.8713248,952.333928,538.6939391,1909.477623,153.912554,370.3520831,3924.770128
TC16,3/10/14,Thames at Runnymede,10,3,14,11:45,10,65,100,3.48,4.63,19.21068641,6.5,4.59,0,4.433333333,156.6299283,1115.866017,634.8892853,2212.492964,192.3906925,197.2004598,4352.839418
TC16,41722,Thames at Runnymede,24,3,14,11:00,9.4,62,82,3.91,14.21,28.66100022,6.66,7.28,7.3,7.466666667,97.29500745,3640.993856,2260.590637,4054.633845,134.6734848,303.0153407,10393.90716
TC16,41729,Thames at Runnymede,31,3,14,11:15,10.9,46,85,3.74,23.12,29.90993352,7.14,3.74,0.8,4.466666667,85.71660393,7334.895153,3910.340826,5223.407302,274.1567369,557.9330083,17300.73303
TC16,4/7/14,Thames at Runnymede,7,4,14,11:15,12.6,59,93,4.28,26.34,28.57864853,7.25,3.41,0,0.333333333,75.5228167,6978.972371,5156.07056,5406.17846,216.4395291,663.7478892,18421.40881
TC16,41744,Thames at Runnymede,15,4,14,10:30,12.7,68,121,4.38,55.69,31.39614683,7.46,7.2,11.5,11.33333333,62.55379688,13582.78289,14443.73124,13101.80616,495.4060333,1159.153922,42782.88025
TC16,41751,Thames at Runnymede,22,4,14,10:45,12.3,44,142,3.88,97.42,28.83544997,6.52,3.48,1.4,2.4,86.4237565,24539.43283,23827.58727,12659.30757,1067.768344,1510.266936,63604.36295
TC16,41757,Thames at Runnymede,28,4,14,11:00,12.4,108,261,4.31,26.8,25.34252835,6.25,7.07,2.7,4.233333333,112.3309223,4521.181274,5281.12451,4655.854759,682.9869585,2174.014826,17315.16233
TC16,5/6/14,Thames at Runnymede,6,5,14,11:00,14.4,109,171,5.34,24.93,24.58114973,6.04,4.6,8.8,7.933333333,67.65723944,4280.692909,9196.275103,9932.169502,375.1618504,1269.778571,25054.07793
TC16,5/12/14,Thames at Runnymede,12,5,14,11:45,14.1,93,162,4.8,49.1,26.12245176,6.25,4.07,8.5,6.533333333,60.25376331,3626.564554,25626.44024,14395.63357,711.8455624,1341.92508,45702.40901
TC16,41778,Thames at Runnymede,19,5,14,12:00,17.2,11,147,3.55,145.88,25.61770481,6.18,4.07,11.5,11.7,45.41396435,43177.28117,55312.3241,22932.97055,3164.826892,2419.312959,127006.7157
TC16,41786,Thames at Runnymede,27,5,14,11:30,14.3,119,206,4.68,23.54,26.9440398,6.77,3.83,0,4.933333333,74.95483749,7647.530028,15828.94423,18152.06184,1058.148809,1673.799025,44360.48393
TC16,6/2/14,Thames at Runnymede,2,6,14,11:30,15.9,140,311,5.78,14.92,27.88,5.84,5.1,1.3,5.066666667,67.84519785,2818.523646,8585.434654,10177.46763,307.825108,1279.398105,23168.64915
TC16,6/10/14,Thames at Runnymede,10,6,14,11:15,18.3,106,177,5.56,49.4,26.53,6.33,4.52,13.8,10.4,44.28615509,7137.694693,29902.32339,41075.41285,1178.392992,2063.390177,81357.2141
TC16,41806,Thames at Runnymede,16,6,14,11:30,18.2,142,194,5.29,24.95,22.71427211,5.51,4.19,3.5,3.633333333,52.00271836,3905.531058,24775.11143,24077.69517,1264.968803,2438.552028,56461.85849
TC16,41813,Thames at Runnymede,23,6,14,11:45,20.1,153,198,5.88,19.35,24.48940307,5.76,8.32,6.9,8.833333333,33.80689377,2659.801324,43562.06256,99884.43779,2890.670155,7623.481191,156620.453
TC16,41820,Thames at Runnymede,30,6,14,10:45,18.8,155,240,5.86,5.56,25.24172422,6.71,4.26,7.1,5.933333333,38.07575517,1072.578111,12644.87827,77230.43375,1072.578111,12082.13549,104102.6037
TC16,7/7/14,Thames at Runnymede,7,7,14,11:30,19.2,175,291,5.57,4.52,25.78076151,6.15,3.61,7.9,5.533333333,30.7438332,1428.500892,11177.89924,101284.0801,846.5190471,8595.054189,123332.0534
TC16,41834,Thames at Runnymede,14,7,14,11:30,19.6,150,215,5.62,7.44,25.71568815,6.63,4.87,8.8,6.533333333,22.11968538,687.7967258,13390.3922,160944.4338,1188.012526,11072.08436,187282.7196
TC16,41842,Thames at Runnymede,22,7,14,11:45,21.9,180,213.7,5.76,4.82,26.90739719,6.88,3.26,10.9,8.233333333,28.91504736,346.3032466,8441.141635,129551.0826,1702.657629,28863.41365,168904.5987
TC16,41848,Thames at Runnymede,28,7,14,13:45,21.7,190,250,5.83,4.8,26.80723102,7.04,4.16,5.1,7.366666667,23.53122453,490.5962659,7820.681651,186065.8485,2568.415745,97902.81366,294848.3558
TC16,41869,Thames at Runnymede,18,8,14,11:30,17.6,180,230,5.94,2.92,24.92991424,6.9,4.44,7.1,6.9,22.4685689,153.912554,10283.28252,137621.8721,990.8120665,35366.21905,184416.0983
TC16,9/1/14,Thames at Runnymede,1,9,14,12:15,17.1,201,228,5.97,2.84,28.17509632,7.13,4.13,0.2,2.9,21.77605797,153.912554,9071.221153,90231.2348,798.421374,12385.15083,112639.9407
TC16,9/8/14,Thames at Runnymede,8,9,14,11:15,17.7,194,221,6.1,4.62,31.17924558,7.54,3.59,8,5.2,18.08561209,192.3906925,11105.75273,91467.345,808.0409086,11471.29504,115044.8244
TC16,41897,Thames at Runnymede,15,9,14,12:00,17,199,233,6.21,4.15,32.2673318,8.16,3.63,6,4.2,16.88133462,182.7711579,6353.702621,80361.59227,1582.413446,10297.71182,98778.19131
TC16,41904,Thames at Runnymede,22,9,14,12:15,17.3,184,189,6.19,3.37,33.23525384,9.21,3.82,6.2,4.6,18.85233481,418.4497562,2808.904111,85123.26191,971.5729973,5959.301701,95281.49047
TC16,41911,Thames at Runnymede,29,9,14,10:45,16.5,186,236,6.3,4.81,33.1808339,8.43,5.1,0.7,2.733333333,15.86637261,423.2595236,2222.112499,85580.1898,1202.441828,5031.01661,94459.02026
TC16,10/6/14,Thames at Runnymede,6,10,14,10:45,15,208,232,6.37,3.46,31.91164977,8.63,4.35,0,2.966666667,22.69824366,230.868831,2092.248781,74147.3729,759.9432355,4314.36128,81544.79503
TC16,41925,Thames at Runnymede,13,10,14,11:00,13.5,214,262,6.29,2.9,32.10050621,1.64,1.71,0,2.166666667,31.15825678,168.341856,2347.166449,60444.34583,485.7864986,2703.08923,66148.72986
TC16,41932,Thames at Runnymede,20,10,14,11:00,15.2,244,285,6.13,2.62,28.83017496,7.08,4.78,3.2,3.9,33.13706,168.341856,1789.233441,17916.38324,149.1027867,1471.788798,21494.85012
TC16,41939,Thames at Runnymede,27,10,14,12:45,15.3,211,258,6.53,2.23,30.36308127,7.66,4.95,7.5,3.4,24.97830941,120.2441828,1664.17949,15987.66655,115.4344155,918.6655568,18806.19019
TC16,11/3/14,Thames at Runnymede,3,11,14,10:15,13.5,212,252,6.99,1.6,31.39108466,7.89,4.62,0.9,2.533333333,35.88495755,110.6246482,1019.67067,10456.43414,110.6246482,716.6553297,12414.00944
TC16,11/10/14,Thames at Runnymede,10,11,14,14:00,10.8,183,253,6.26,4.5,29.71068427,7.08,6.11,3.2,2.933333333,45.94472615,163.5320886,957.1436953,5935.252865,91.38557895,1188.012526,8335.326754
TC16,41960,Thames at Runnymede,17,11,14,11:30,10.7,165,278,5.73,3.31,27.1652925,5.85,6.9,0.1,0.366666667,90.58470349,182.7711579,740.7041662,3126.348754,423.2595236,351.1130139,4824.196615
TC16,41968,Thames at Runnymede,25,11,14,11:15,9.2,205,357,5.85,3.8,29.430262,6.17,7.97,0,1.1,106.8293023,110.6246482,577.1720776,2544.366909,399.210687,480.9767313,4112.351053
TC16,12/1/14,Thames at Runnymede,1,12,14,10:30,9.6,138,170,5.85,2.21,31.11636131,7.08,7.56,0,1.533333333,71.35604859,52.90744045,399.210687,1664.17949,48.09767313,312.6348754,2477.030166
TC16,12/8/14,Thames at Runnymede,8,12,14,11:00,7.1,126,163,6.3,1.53,31.90841603,8.1,4.6,6.2,3.933333333,48.63722919,57.71720776,264.5372022,995.6218338,43.28790582,105.8148809,1466.979031
TC16,41988,Thames at Runnymede,15,12,14,11:00,7.2,141,233,5.66,0.94,28.20441337,6.9,5.82,1.3,2.333333333,64.7740576,81.76604432,394.4009197,1606.462283,202.0102272,254.9176676,2539.557141
TC16,1/5/15,Thames at Runnymede,5,1,15,12:15,7.2,150,187,5.34,2.9,28.94360305,7.41,5.35,0,0,106.8428303,101.0051136,216.4395291,1125.485551,96.19534626,177.9613906,1717.086931
TC16,1/12/15,Thames at Runnymede,12,1,15,10:00,8.5,132,254,5.03,2.39,29.57866058,7.66,7.26,0,1.333333333,90.00408312,96.19534626,312.6348754,1500.647402,110.6246482,269.3469695,2289.449241
TC16,42023,Thames at Runnymede,19,1,15,10:45,5.5,125,249,5.03,2.38,26.48411538,6.25,6.29,7.2,4.1,138.9737987,105.8148809,1024.480438,2303.878543,197.2004598,591.6013795,4222.975701
TC16,42030,Thames at Runnymede,26,1,15,11:15,6.6,112,137,5.16,1.13,32.12109576,7.97,4.67,1,3.5,85.87519027,67.33674239,221.2492964,1240.919967,43.28790582,76.95627701,1649.750188
TC16,2/3/15,Thames at Runnymede,3,2,15,11:30,4.7,108,124,5.27,1.58,33.06540667,8.95,3.83,0.3,0.1,73.63023268,240.4883657,394.4009197,1385.212986,67.33674239,129.8637175,2217.302731
TC16,2/9/15,Thames at Runnymede,9,2,15,11:15,5.8,108,133,5.49,1.39,33.61191984,8.09,7.29,4.7,3.833333333,55.95634816,327.0641773,173.1516233,1668.989258,43.28790582,91.38557895,2303.878543
TC16,42051,Thames at Runnymede,16,2,2015,10:45,7.2,127,180,5.26,1.17,31.32662719,7.47,4.26,0,0.4,72.23087327,567.552543,471.3571967,2015.292504,153.912554,240.4883657,3448.603164
TC16,42059,Thames at Runnymede,24,2,15,11:15,7.3,115,204,4.89,2.98,29.19427411,7.18,5.3,8,4.433333333,105.6816736,995.6218338,745.5139335,1952.765529,115.4344155,485.7864986,4295.122211
TC16,3/2/15,Thames at Runnymede,2,3,15,11:00,8.1,105,160,4.94,3.37,29.56911691,6.09,4.91,7.5,4.333333333,84.1939583,1414.07159,788.8018394,2048.960875,168.341856,216.4395291,4636.61569
TC16,3/10/15,Thames at Runnymede,10,3,15,11:00,9,109,140,4.79,2.72,32.18890362,8.44,4.91,8.5,3.766666667,59.80380587,2082.629247,860.9483491,3487.081302,101.0051136,101.0051136,6632.669125
TC16,42079,Thames at Runnymede,16,3,15,11:15,8.9,97,125,4.46,2.63,33.45484174,8.33,3.04,0,1.366666667,52.57595302,1091.81718,889.8069529,4756.859873,158.7223213,72.1465097,6969.352837
TC16,42086,Thames at Runnymede,23,3,15,11:30,9.8,109,125,4.27,3.46,33.27593449,8.45,2.84,2.5,3.633333333,45.2669057,1264.968803,1139.914853,5338.841718,129.8637175,158.7223213,8032.311413
TC16,42093,Thames at Runnymede,30,3,15,9:45,10.4,105,120,3.57,8.24,32.51503243,8.52,3.24,4.5,1.966666667,47.61187106,2568.415745,2087.439014,8258.370477,245.298133,211.6297618,13371.15313
TC16,4/7/15,Thames at Runnymede,7,4,15,11:00,12.4,100,164,5.37,37.61,29.19526392,7.41,4.76,10,7.4,40.98898888,12765.12245,8210.272804,6945.304,1390.022754,620.4599834,29931.18199
TC16,42107,Thames at Runnymede,13,4,15,11:15,13.9,32,119,5.34,101.29,28.84306871,6.38,6.51,2.5,6.233333333,35.74726657,42826.16816,21018.68316,6411.419829,2414.503191,1260.159036,73930.93337
TC16,42114,Thames at Runnymede,20,4,15,10:45,14.2,10,123,0.14,196.61,27.25594556,6.53,5.8,10.9,9.066666667,29.34324683,50680.51818,16988.09815,6122.83379,3285.071075,1640.130654,78716.65185
TC16,42121,Thames at Runnymede,27,4,15,10:30,15.3,6,131,0.02,170.94,27.47932246,6.41,6.36,10.2,5.466666667,32.26259137,54234.93622,10937.41087,3818.955247,2183.63436,928.2850915,72103.22179
TC16,5/5/15,Thames at Runnymede,5,5,15,12:15,15.4,5,154,0.2,150.05,26.02280846,6.6,4.22,7.1,6.2,49.27933734,48294.87359,10990.31831,7710.057003,2544.366909,601.2209142,70140.83673
TC16,5/11/15,Thames at Runnymede,11,5,15,10:00,16.1,10,126,0.7,124.23,23.76871475,6.1,5.49,8.4,5.6,23.06529558,54533.1418,9225.133707,5160.880327,2323.117612,1000.431601,72242.70504
TC16,42142,Thames at Runnymede,18,5,15,10:30,15.8,13,141,1.89,146.92,27.01609076,6.31,5.49,5.7,8.366666667,25.07529588,25563.91327,7070.35795,5064.684981,1755.565069,755.1334682,40209.65474
TC16,42150,Thames at Runnymede,26,5,15,10:30,17.2,14,161,1.7,138.5,24.36554554,5.98,8.38,6.9,4.566666667,21.46662524,82742.42709,9802.305784,5492.754272,1596.842748,1163.96369,100798.2936
TC16,6/9/15,Thames at Runnymede,9,6,15,10:00,17.4,10,196,0.86,298.71,21.04753287,5.64,6.38,8.9,9.9,15.66375795,126766.2273,5069.494748,4771.289175,1269.778571,1005.241368,138882.0312
TC16,42170,Thames at Runnymede,15,6,15,10:00,17.7,14,191,2.38,219.62,22.381589,6.06,7.58,11,4.8,18.04181892,37886.53713,6536.473779,5757.291474,4348.029651,490.5962659,55018.9283
TC16,42177,Thames at Runnymede,22,6,15,10:15,18.7,115,176,4.95,29.84,25.90917189,7.11,6.7,7.2,4.6,17.9422105,7108.836089,8922.118366,11504.96341,4184.497562,514.6451025,32235.06053
TC16,42185,Thames at Runnymede,30,6,15,13:15,20,154,251,6.81,44.18,25.90675042,6.83,4.98,13.9,9.133333333,16.16144474,12351.48246,32047.47961,40786.82682,5598.569153,7700.437468,98484.79551
TC16,7/6/15,Thames at Runnymede,6,7,15,10:15,22,180,296,7.8,29.78,24.13549262,6.11,6.24,6.7,7.366666667,14.13072013,7041.499347,23433.18635,75686.49844,3198.495263,67678.23586,177037.9153
TC16,42198,Thames at Runnymede,13,7,15,11:15,20.8,211,256,8.23,19.44,27.42609348,7.42,5.38,0,4.133333333,14.73166157,1736.326,11043.22575,81477.45829,2236.541801,43278.28628,139771.8381
TC16,42205,Thames at Runnymede,20,7,15,10:15,20.7,200,232,8.1,24.46,27.06147273,7.28,5.28,2.9,8.4,13.64055853,4487.512903,17906.76371,104371.9507,2799.284576,49983.10192,179548.6138
TC16,42212,Thames at Runnymede,27,7,15,11:45,18.6,209,269,7.64,8.36,25.77226322,7.05,3.9,1.2,3.5,27.69077489,947.5241607,7493.617474,54417.70738,1019.67067,18532.03346,82410.55314
TC16,8/4/15,Thames at Runnymede,4,8,15,12:15,19.3,244,306,7.11,15.31,25.83154207,6.9,4.48,6.5,7.166666667,14.61902641,1510.266936,11538.63178,92549.54264,9893.691363,51474.12979,166966.2625
TC16,8/10/15,Thames at Runnymede,10,8,15,10:30,20.9,229,281,6.54,7.85,28.15915711,6.86,4.79,1.9,6.333333333,12.83418209,1043.719507,10042.79415,171054.5647,4449.034765,73127.70223,259717.8154
TC16,42233,Thames at Runnymede,17,8,15,10:15,18.8,236,312,6.77,6.51,28.59934536,7.38,4.74,4,4.766666667,17.43798522,173.1516233,5747.671939,106733.5464,745.5139335,53143.11904,166543.003
TC16,42240,Thames at Runnymede,24,8,15,10:45,18.7,281,339,6.61,4.72,27.29328768,6.79,5.57,0,4.666666667,18.97118924,230.868831,6445.0882,85532.09213,793.6116067,54966.02086,147967.6816
TC16,9/1/15,Thames at Runnymede,1,9,15,10:00,17,247,317,6.27,3.87,25.91611904,6.05,4.62,4.2,1.533333333,21.28927212,211.6297618,5281.12451,64369.11595,293.3958061,25814.02117,95969.2872
TC16,9/7/15,Thames at Runnymede,7,9,15,10:00,16.4,235,278,6.52,2.03,26.74810604,6.83,6.04,10.6,8.566666667,13.87123832,173.1516233,4670.284061,89158.65669,591.6013795,36097.30369,130690.9974
TC16,42261,Thames at Runnymede,14,9,15,10:30,16.4,238,317,6.48,2.07,32.66675989,8.76,4.28,0,0.1,17.49029047,173.1516233,4333.600349,85686.00468,745.5139335,17392.1186,108330.3892
TC16,42268,Thames at Runnymede,21,9,15,10:15,15.5,218,267,6.16,1.37,29.41790308,7.88,3.65,0.7,3.233333333,18.19809969,115.4344155,3862.243153,85003.01773,533.8841718,6935.684466,96450.26393
TC16,42275,Thames at Runnymede,28,9,15,10:15,14.9,214,267,6.67,3.56,30.72036255,8.07,6.5,8.5,8.4,16.7322534,168.341856,4646.235225,118416.4713,1226.490665,7027.070045,131484.609
TC16,10/5/15,Thames at Runnymede,5,10,15,9:00,14.6,224,404,6.26,3.9,34.34074706,8.77,5.08,0,3.8,16.95926959,33.66837119,2674.230626,132518.709,1851.760416,3992.10687,141070.4753
TC16,10/12/15,Thames at Runnymede,12,10,15,9:45,13.2,211,243,6.16,2.15,29.19273311,8.28,3.64,7.2,3.266666667,17.80602514,125.0539501,2039.341341,66951.961,230.868831,2039.341341,71386.56646
TC16,42296,Thames at Runnymede,19,10,15,9:45,12.3,239,334,6.46,2.72,35.51292867,8.61,4.21,0,0,15.52956327,101.0051136,2818.523646,82482.69965,557.9330083,3246.592936,89206.75436
TC16,42303,Thames at Runnymede,26,10,15,12:30,12.3,220,265,6.6,1.95,35.5947802,8.95,3.27,5.1,2.866666667,14.61431765,57.71720776,2140.346454,66745.14101,394.4009197,2736.757601,72074.36319
TC16,11/2/15,Thames at Runnymede,2,11,15,12:45,12.5,222,278,6.47,2.38,35.58291336,8.32,4.1,2.2,3.066666667,18.77203165,48.09767313,1399.642288,44163.28347,312.6348754,1745.945535,47669.60384
TC16,11/10/15,Thames at Runnymede,10,11,15,10:00,13.2,235,311,6.79,2.28,30.83240844,6.59,7.36,0,0,38.07536441,101.0051136,933.0948588,16478.26282,177.9613906,812.8506759,18503.17485
TC16,42324,Thames at Runnymede,16,11,2015,10:45,12.3,224,274,6.64,1.14,29.763,6.61,8.27,1.6,0.633333333,24.72771647,62.52697507,649.3185873,8878.83046,67.33674239,360.7325485,10018.74531
TC16,42331,Thames at Runnymede,23,11,15,13:15,8.4,219,273,6.45,1.64,30.45767182,7.61,5.83,2.1,2.033333333,24.8264559,182.7711579,442.4985928,4001.726405,62.52697507,235.6785983,4925.201729
TC16,42338,Thames at Runnymede,30,11,15,10:15,9,235,249,6.3,1.2,31.62376988,7.53,4.46,0,0.2,42.73252952,76.95627701,298.2055734,3001.294803,57.71720776,173.1516233,3607.325485
TC16,12/7/15,Thames at Runnymede,7,12,15,11:00,10.7,198,257,5.91,2.15,30.96156524,7.83,4.98,1.6,0.533333333,40.92948378,149.1027867,442.4985928,2871.431086,101.0051136,327.0641773,3891.101756
TC16,42352,Thames at Runnymede,14,12,15,12:30,9.8,210,266,5.97,1.38,31.94740705,7.9,4.97,0,0,56.35388305,105.8148809,331.8739446,2236.541801,110.6246482,197.2004598,2982.055734
TC16,1/4/16,Thames at Runnymede,14,1,16,10:30,8.2,154,519,4.74,9.53,26.68085725,6.12,7.76,2.9,0.966666667,159.764754,254.9176676,899.4264876,4732.811036,832.0897452,9354.997424,16074.24236
TC16,42387,Thames at Runnymede,18,1,16,14:30,4.7,111,152,5.19,1.32,30.92879007,8.13,5.05,0,1.3,120.010063,52.90744045,177.9613906,1183.202759,57.71720776,197.2004598,1668.989258
TC16,42394,Thames at Runnymede,25,1,16,14:30,7.9,111,172,5.08,1.33,33.32858036,8.72,4.27,1.1,0.833333333,93.12739893,120.2441828,250.1079003,1558.364609,76.95627701,110.6246482,2116.297618
TC16,2/1/16,Thames at Runnymede,1,2,16,14:00,9.5,111,219,5.09,1.79,28.44078367,5.72,4.29,1,1.966666667,106.3161624,149.1027867,360.7325485,1972.004598,206.8199945,331.8739446,3020.533873
TC16,2/8/16,Thames at Runnymede,8,2,16,13:15,8.4,110,292,4.72,3.93,28.81974978,7.9,5.49,1.5,1.8,157.8763676,245.298133,519.4548698,2996.485036,341.4934792,634.8892853,4737.620804
TC16,42415,Thames at Runnymede,15,2,16,13:30,6,83,146,4.58,2.11,28.02465486,7.1,5.55,7,3.566666667,124.676387,384.7813851,341.4934792,2279.829706,173.1516233,182.7711579,3362.027352
TC16,42422,Thames at Runnymede,22,2,16,14:00,9.4,93,156,4.69,2.68,30.13404137,7.55,5.09,2.1,0.833333333,99.30222164,413.6399889,413.6399889,2616.513418,115.4344155,182.7711579,3741.99897
TC16,42429,Thames at Runnymede,29,2,16,14:45,7.3,95,132,4.93,2.04,31.79419851,8.16,4.73,5.6,3.566666667,62.34959227,625.2697507,509.8353352,4396.127324,134.6734848,187.5809252,5853.48682
TC16,3/7/16,Thames at Runnymede,7,3,16,12:30,7.3,90,102,4.63,3.28,31.94531507,7.78,3.78,8.4,4.233333333,70.01172824,1034.099972,702.2260277,5738.052405,86.57581164,144.2930194,7705.247236
TC16,42443,Thames at Runnymede,14,3,16,14:45,8.5,94,187,4.13,6.65,26.14196933,6.55,7.28,9.3,5.9,122.7533261,1822.901812,1640.130654,5511.993341,288.5860388,668.5576565,9932.169502
TC16,42450,Thames at Runnymede,21,3,16,14:15,9.1,83,85,4.21,5.25,33.06623886,8.29,4.39,3.6,1.966666667,71.15363202,1769.994371,1038.90974,6007.399374,67.33674239,245.298133,9128.93836
TC16,42458,Thames at Runnymede,29,3,16,14:30,10.3,91,231,3.58,17.73,28.31307365,8.12,6.3,5.7,6.266666667,164.410633,2674.230626,1693.038094,8397.853729,577.1720776,884.9971856,14227.29171
TC16,4/11/16,Thames at Runnymede,11,4,16,8:30,10.8,75,103,3.51,8.56,29.44620614,7.42,6.36,0.5,4.033333333,85.74546793,2933.958061,3309.119911,4655.854759,202.0102272,163.5320886,11264.47505
TC16,42478,Thames at Runnymede,18,4,16,14:15,11.4,83,150,3.75,10.44,26.3571156,6.73,6.06,2.8,5.333333333,83.63140226,2029.721806,3121.538986,4131.590122,226.0590637,269.3469695,9778.256948
TC16,42485,Thames at Runnymede,25,4,16,10:15,11,70,101,3.09,6.07,29.58855518,7.18,4.62,3,5.433333333,59.39272239,1943.145995,3184.065961,3939.19943,341.4934792,360.7325485,9768.637413
TC16,5/3/16,Thames at Runnymede,3,5,16,14:00,13.4,46,90,1.57,16.27,30.55490889,7.65,3.94,8,5.9,48.68813225,6012.209142,7642.720261,7580.193286,408.8302216,394.4009197,22038.35383
TC16,5/9/16,Thames at Runnymede,9,5,16,14:45,17.7,24,81,1.06,59.28,28.82605281,7.35,2.98,1.9,6.633333333,41.69283676,18863.9074,35322.93115,11716.59317,1356.354382,707.035795,67966.8219
TC16,42506,Thames at Runnymede,16,5,16,13:30,16.5,125,181,4.74,8.28,26.99817709,6.77,7.31,11.6,11,52.44852312,2063.390177,6555.712848,7604.242122,370.3520831,351.1130139,16944.81024
TC16,42513,Thames at Runnymede,23,5,16,14:45,16.6,114,161,4.77,15.76,27.22808962,6.59,4.91,12.4,5.566666667,56.07681782,2900.28969,16636.98514,10927.79134,1361.16415,221.2492964,32047.47961
TC16,42521,Thames at Runnymede,31,5,16,12:30,15.2,93,155,4.31,30.33,29.19324164,7.85,4.06,0,2.333333333,39.21982348,6988.591906,30662.26662,21624.71384,2111.487851,586.7916122,61973.85183
TC16,6/6/16,Thames at Runnymede,6,6,16,13:45,17.6,125,171,5.12,6.45,29.62726871,7.62,5.21,12,7,32.58646875,1308.256709,14588.02426,35399.88743,1250.539501,197.2004598,52743.90836
TC16,42534,Thames at Runnymede,13,6,16,13:00,18.7,142,178,5.33,6.27,29.48647288,7.64,3.8,0.8,1.433333333,34.28949841,360.7325485,7171.363064,36621.56832,726.2748643,221.2492964,45101.1881
TC16,42542,Thames at Runnymede,21,6,16,15:15,17.8,190,236,5.48,5.68,27.23884298,7.32,4.28,3.5,2.866666667,54.05622924,144.2930194,7166.553297,60540.54117,423.2595236,298.2055734,68572.85258
TC16,42548,Thames at Runnymede,27,6,16,12:45,17.7,204,256,5.94,3.92,24.13398381,5.87,5.92,4.9,3.8,50.39432392,187.5809252,4025.775241,22317.32033,197.2004598,827.2799779,27555.15694
TC16,7/4/16,Thames at Runnymede,4,7,16,11:30,17.6,158,197,6,3.66,27.52312817,7.29,5.63,3.4,7.9,29.39858211,192.3906925,5526.422643,58207.80402,750.3237009,606.0306815,65282.97174
TC16,7/11/16,Thames at Runnymede,11,7,16,8:00,18.3,135,184,5.65,3.48,29.02424882,8.25,4.34,7.1,4.366666667,24.56044215,81.76604432,5968.921236,31297.15591,1548.745075,707.035795,39603.62406
TC16,42569,Thames at Runnymede,18,7,16,14:30,20.4,133,204,5.16,3.47,28.60530841,2.88,1.66,10.1,8.2,24.23968106,91.38557895,2472.220399,58477.15099,2804.094344,2626.132953,66470.98427
TC16,42576,Thames at Runnymede,25,7,16,12:30,21.8,144,185,4.95,4.15,30.97491064,7.13,3.32,7.1,6.966666667,18.68181588,86.57581164,5184.929164,139300.4809,1707.467396,6767.34261,153046.7959
TC16,8/1/16,Thames at Runnymede,1,8,16,12:15,19.6,152,173,5.48,2.49,30.33050918,7.15,2.94,0,3.9,19.24670226,48.09767313,3001.294803,95166.05606,1048.529274,5661.096128,104925.0739
TC16,8/8/16,Thames at Runnymede,8,8,16,17:00,19.9,176,218,5.48,4.51,30.44755137,7.86,3.68,10.3,10.2,18.23762662,153.912554,7027.070045,132566.8067,1462.169263,6608.620288,147818.5788
TC16,42597,Thames at Runnymede,15,8,16,13:00,19.4,148,182,5.42,5.17,30.24928172,8.39,2.92,12.8,7.466666667,16.58846981,86.57581164,4930.011496,90346.66921,2842.572482,7811.062117,106016.8911
TC16,42604,Thames at Runnymede,22,8,16,14:15,19.5,155,213,5.45,5.34,32.01627896,7.45,2.61,1.2,2.4,16.71443263,125.0539501,6036.257978,97585.36902,1221.680898,8748.966743,113717.3286
TC16,9/5/16,Thames at Runnymede,5,9,16,11:15,18,97,148,2.92,6.96,27.27154179,7.04,3.23,0.2,1,18.31208888,379.9716177,1486.2181,9768.637413,649.3185873,254.9176676,12539.06339
TC16,9/12/16,Thames at Runnymede,12,9,16,15:30,18.1,232,248,6.45,10.87,33.59122715,8.59,4.58,1.2,3.7,18.75514105,572.3623103,2885.860388,63411.97226,3020.533873,3977.677568,73868.4064
TC16,42632,Thames at Runnymede,19,9,16,13:45,17.4,213,270,6.74,2.79,32.21126114,7.47,3.4,0,0.7,19.89633239,206.8199945,4780.908709,44701.97741,986.0022992,2832.952947,53508.66136
TC16,42639,Thames at Runnymede,26,9,16,15:00,16.4,206,234,6.98,3.62,29.39379321,7.28,3.41,0.6,3.933333333,17.03709765,110.6246482,7243.509574,68938.3949,615.6502161,1688.228327,78596.40767
TC16,42667,Thames at Runnymede,24,10,16,13:15,11.4,231,259,6.88,1.62,36.77567247,9.8,3.44,0,2.133333333,16.97862733,28.85860388,7738.915607,30676.69592,375.1618504,548.3134737,39367.94546
TC16,42674,Thames at Runnymede,31,10,16,12:45,11.6,217,361,7.12,1.95,39.05659571,9.7,3.45,4.4,1.466666667,16.05942554,48.09767313,1341.92508,24371.09098,447.3083601,774.3725374,26982.79463
TC16,11/7/16,Thames at Runnymede,7,11,16,12:45,7.7,216,252,6.81,0.9,43.61877881,9.78,3.63,5.3,3.3,16.10124193,14.42930194,548.3134737,15184.43541,149.1027867,533.8841718,16430.16514
TC16,42688,Thames at Runnymede,14,11,16,16:15,7.2,197,256,6.38,0.93,33.86375665,9,3.86,0,1.9,26.48782589,86.57581164,745.5139335,4636.61569,86.57581164,581.9818449,6137.263092
TC16,42695,Thames at Runnymede,21,11,16,14:45,8.6,190,235,6.13,2.28,34.13654115,7.82,4.38,0,0.3,67.08760726,62.52697507,567.552543,2808.904111,158.7223213,134.6734848,3732.379435
TC16,42702,Thames at Runnymede,28,11,16,14:45,6,169,240,5.67,1.59,40.74364333,9.98,8,6.3,3.133333333,36.44006114,134.6734848,389.5911524,2183.63436,28.85860388,62.52697507,2799.284576
TC16,12/5/16,Thames at Runnymede,5,12,16,15:00,3.6,154,198,6.43,1.16,39.43221779,10.18,5.24,5.7,5.066666667,28.41613801,110.6246482,274.1567369,1644.940421,52.90744045,28.85860388,2111.487851
TC16,12/12/16,Thames at Runnymede,12,12,16,14:45,8.2,160,202,5.91,2.13,34.86664305,8.72,3.88,0,0.966666667,65.13355065,43.28790582,293.3958061,1418.881357,129.8637175,48.09767313,1933.52646
TC16,1/3/17,Thames at Runnymede,3,1,17,15:15,5.1,178,212,6.04,0.88,36.32035309,9.85,3.16,0.5,2,46.4781905,43.28790582,437.6888255,1933.52646,43.28790582,48.09767313,2505.88877
TC16,1/9/17,Thames at Runnymede,9,1,17,14:15,6.3,159,191,5.65,1.59,36.98628462,10.02,3.75,0,0,52.02007036,76.95627701,423.2595236,1587.223213,67.33674239,91.38557895,2246.161335
TC16,42751,Thames at Runnymede,16,1,17,12:15,6,141,254,5.35,2.52,37.3632316,9.56,5.5,0,0.066666667,84.63686677,153.912554,639.6990527,1803.662742,177.9613906,110.6246482,2885.860388
TC16,42758,Thames at Runnymede,23,1,17,13:30,3.4,132,198,5.43,2.24,46.68441223,10.2,6.76,0.2,3.033333333,49.61240807,101.0051136,505.0255679,1163.96369,105.8148809,28.85860388,1904.667856
TC16,42765,Thames at Runnymede,30,1,17,12:45,5.8,145,202,5.47,-0.44,37.2644084,9.35,4.46,0,1.166666667,88.1535946,327.0641773,702.2260277,1534.315773,62.52697507,72.1465097,2698.279463
TC16,2/6/17,Thames at Runnymede,6,2,17,12:00,7.2,116,272,5,4.31,29.63465042,8.65,8.38,0.6,1.6,99.78303335,125.0539501,346.3032466,740.7041662,230.868831,86.57581164,1529.506006
TC16,42779,Thames at Runnymede,13,2,17,12:15,5.9,104,175,5.14,1.61,31.55139813,9.48,5.41,7.9,2.633333333,66.96625203,177.9613906,519.4548698,1173.583224,72.1465097,62.52697507,2005.67297
TC16,42786,Thames at Runnymede,20,2,17,13:45,9.4,121,167,4.8,1.15,36.73180751,9.47,4.94,2.6,2.066666667,58.14974508,307.825108,933.0948588,2255.78087,91.38557895,86.57581164,3674.662227
TC16,42793,Thames at Runnymede,27,2,17,13:30,9.2,130,174,4.92,1.91,36.45023651,8.8,3.93,0.4,0.566666667,51.46710987,221.2492964,899.4264876,2501.079003,96.19534626,52.90744045,3770.857574
TC16,3/6/17,Thames at Runnymede,6,3,17,12:15,8.4,112,223,4.37,5.28,30.50694024,9.03,5.9,5,5.2,99.35039665,259.7274349,745.5139335,1697.847862,230.868831,101.0051136,3034.963175
TC16,42807,Thames at Runnymede,13,3,17,13:00,10.8,106,167,4.64,2.7,32.75692433,8.17,5.48,8.1,2.733333333,63.7795668,452.1181274,1529.506006,3525.559441,163.5320886,110.6246482,5781.34031
TC16,3/20/17,Thames at Runnymede,20,3,17,12:15,11.5,100,139,4.45,3.52,33.16228578,9,4.44,0.5,0.3,50.7675261,726.2748643,1351.544615,4540.420344,168.341856,62.52697507,6849.108654
TC16,3/27/17,Thames at Runnymede,27,3,17,12:30,10.4,100,136,5.48,3.44,32.10352134,8.05,4.33,6.5,8.066666667,43.81326182,716.6553297,1664.17949,5550.471479,269.3469695,120.2441828,8320.897452
TC16,4/10/17,Thames at Runnymede,10,4,17,12:45,14.4,95,124,3.48,4.81,35.81414648,7.82,5.09,6.4,9.3,30.90814669,1327.495778,10966.26947,12466.91688,981.1925319,245.298133,25987.17279
TC16,4/18/17,Thames at Runnymede,18,4,17,15:15,13.3,106,158,3.13,8.57,33.96206194,8.81,3.63,11.8,6.466666667,28.47188004,2106.678083,18238.63765,13957.94474,1726.706465,721.465097,36751.43204
TC16,4/24/17,Thames at Runnymede,24,4,17,15:00,13.8,105,150,3.09,10.13,34.47588093,8.58,3.78,0.3,5.233333333,27.5923611,1380.403219,23938.21192,15535.54842,1572.793911,923.4753241,43350.43279
TC16,5/2/17,Thames at Runnymede,2,5,17,13:45,13.2,100,139,3.37,6.17,36.44672775,9.11,3.76,5.6,4.266666667,26.22885148,1481.408332,24101.74401,13299.00662,2169.205058,2443.361795,43494.72581
TC16,5/8/17,Thames at Runnymede,8,5,17,12:30,13.6,111,132,3.17,10.33,36.84486179,9.76,5.76,0,3.633333333,19.12700864,1077.387878,23659.24541,22913.73148,1952.765529,2303.878543,51907.00884
TC16,5/15/17,Thames at Runnymede,15,5,17,14:00,15.6,110,196,3.38,12.35,37.219481,9.47,4.79,0.7,4.3,25.15606306,1058.148809,42624.15793,38636.86083,3785.286876,3352.407817,89456.86226
TC16,5/22/17,Thames at Runnymede,22,5,17,16:30,17,164,249,4.13,17.6,31.57265779,7.56,5.28,9.4,8.666666667,28.95350602,3578.466881,15699.08051,27891.84065,981.1925319,298.2055734,48448.78615
TC16,5/30/17,Thames at Runnymede,30,5,17,14:15,19,166,224,4.89,8.76,32.95061266,7.99,4.05,2.6,2.433333333,23.45904384,418.4497562,8474.810006,48944.19218,2222.112499,129.8637175,60189.42816
TC16,6/5/17,Thames at Runnymede,5,6,17,13:30,18.4,174,239,5.37,3.27,32.53993582,8.15,5.12,0.6,5.6,19.80943524,144.2930194,4040.204543,99744.95454,2294.259008,182.7711579,106406.4823
TC16,6/12/17,Thames at Runnymede,12,6,17,14:45,18.1,202,234,5.23,4.49,29.60051087,7.82,5.45,3.7,5.666666667,22.15987934,91.38557895,4492.322671,125207.8627,995.6218338,269.3469695,131056.5398
TC16,6/26/17,Thames at Runnymede,26,6,17,14:15,21.4,197,252,5.1,2.23,31.37554413,7.89,4.17,4.7,4,14.45091938,33.66837119,2005.67297,54268.6046,1317.876244,2789.665042,60415.48722
TC16,7/3/17,Thames at Runnymede,3,7,17,14:15,20.3,199,228,5.62,3.81,31.33857427,8.42,4.88,5.3,6.833333333,14.60682238,62.52697507,2765.616205,113313.3081,2828.14318,2654.991557,121624.586
TC16,7/10/17,Thames at Runnymede,10,7,17,14:15,23.4,193,221,5.34,2.42,30.0384057,8.07,5.62,9.1,8.966666667,12.19899996,91.38557895,1553.554842,43720.78488,3665.042693,11783.92992,60814.69791
TC16,7/17/17,Thames at Runnymede,17,7,17,16:00,21.4,206,285,5.62,3.56,31.4172211,8.09,4.38,9.6,3.566666667,13.1495012,67.33674239,1178.392992,68880.67769,3857.433385,9032.743014,83016.58383
TC16,7/24/17,Thames at Runnymede,24,7,17,12:45,18.4,221,248,5.56,2.48,28.70065869,6.89,5.3,2.2,3,21.47753003,28.85860388,986.0022992,35996.29857,1510.266936,1967.194831,40488.62124
TC16,7/31/17,Thames at Runnymede,31,7,17,12:45,18.6,198,211,5.71,3.22,28.26520804,6.5,4.73,5.4,4.266666667,24.56940726,24.04883657,1289.01764,38935.0664,2202.873429,2775.23574,45226.24205
TC16,8/7/17,Thames at Runnymede,7,8,17,14:15,18.6,124,207,4.53,64.98,25.83150181,6.19,5.19,0.6,6.466666667,18.10488727,16285.87212,12029.22805,37694.14643,2376.025053,1765.184604,70150.45626
TC16,8/14/17,Thames at Runnymede,14,8,17,12:00,19,174,215,5.5,5.07,27.69417381,6.45,4.56,3.2,6.8,16.90300369,485.7864986,2895.479923,47895.66291,1765.184604,1938.336227,54980.45016
TC16,8/21/17,Thames at Runnymede,21,8,17,12:30,18.3,178,241,5.6,2.72,28.9346332,7.31,3.92,0,5.233333333,20.37169884,52.90744045,1250.539501,42061.41515,1457.359496,2303.878543,47126.10013
TC16,8/29/17,Thames at Runnymede,29,8,17,15:30,20.4,197,207,5.48,3.74,29.44416074,6.98,4.97,7.7,9.566666667,15.20551674,76.95627701,2226.922266,76927.41841,1240.919967,4872.294288,85344.51121
TC16,9/4/17,Thames at Runnymede,4,9,17,16:45,18.7,194,229,5.68,2.27,30.85742225,7.43,5,0.9,3.166666667,14.42941551,52.90744045,1909.477623,78957.14021,408.8302216,3463.032466,84791.38796
TC16,9/11/17,Thames at Runnymede,11,9,17,14:15,16.5,172,207,5.77,2.28,33.41986887,8.4,4.94,6.4,4.1,17.27811934,19.23906925,1159.153922,80741.56389,557.9330083,6815.440283,89293.33017
TC16,9/18/17,Thames at Runnymede,18,9,17,17:00,15,180,182,5.47,2.93,34.80180386,8.19,5.2,3.8,3.466666667,15.882739,43.28790582,1038.90974,74796.69149,1101.436715,3010.914338,79991.24019
TC16,9/25/17,Thames at Runnymede,25,9,17,15:45,15.5,179,197,5.45,3.47,35.37629597,8,5.64,0,2.6,17.73424975,38.47813851,1192.822294,108984.5176,495.4060333,1765.184604,112476.4086
TC16,10/2/17,Thames at Runnymede,2,10,17,13:00,16.1,176,219,5.62,2.3,35.23431545,7.87,5.11,3.7,2.133333333,17.3,19.23906925,745.5139335,68289.07631,202.0102272,663.7478892,69919.58743
TC16,10/9/17,Thames at Runnymede,9,10,17,13:00,14.9,192,251,5.99,2.27,34.53450854,7.59,4.72,0.1,0.866666667,14.1,14.42930194,649.3185873,53080.59207,408.8302216,707.035795,54860.20597
TC16,10/16/17,Thames at Runnymede,16,10,17,13:00,15.4,194,197,6.3,2.66,37.82837276,9.39,3.87,2.5,1.966666667,13.9,14.42930194,750.3237009,47275.20292,500.2158006,1548.745075,50088.9168
TC16,10/23/17,Thames at Runnymede,23,10,17,13:15,13.9,197,246,6.6,1.87,37.23457405,8.68,3.41,0,3.033333333,17.6,43.28790582,788.8018394,38834.06129,428.0692909,1365.973917,41460.19424
TC16,10/30/17,Thames at Runnymede,30,10,17,12:15,12.5,195,197,6.73,1.8,37.2176362,9.07,4.58,6.5,4.633333333,14.2,43.28790582,572.3623103,33317.25818,288.5860388,1101.436715,35322.93115
TC16,11/6/17,Thames at Runnymede,6,11,17,13:00,10.7,202,206,7.01,1.05,41.06658431,9.48,4.9,6.1,4.8,19.9,9.619534626,620.4599834,26025.65093,163.5320886,2323.117612,29142.38015
TC16,11/13/17,Thames at Runnymede,13,11,17,14:15,8.8,214,248,6.38,1.17,38.79461989,9.31,5.62,0.7,1.8,25.5,43.28790582,413.6399889,14544.73636,91.38557895,312.6348754,15405.6847
TC16,11/20/17,Thames at Runnymede,20,11,17,12:45,8.8,207,250,6.63,1.13,38.04846038,9.07,4.61,0,1.4,20.1,43.28790582,303.0153407,7017.45051,52.90744045,413.6399889,7830.301186
TC16,11/27/17,Thames at Runnymede,27,11,17,14:15,8.1,213,231,6.38,0.72,38.3539,9.04,4.16,0.2,2.866666667,17.1,52.90744045,303.0153407,5848.677053,76.95627701,202.0102272,6483.566338
TC16,12/4/17,Thames at Runnymede,4,12,17,12:15,6.9,190,210,6.27,0.66,38.19408211,9.74,4.34,0,0,18.9,1289.01764,370.3520831,1317.876244,81.76604432,72.1465097,3131.158521
TC16,12/11/17,Thames at Runnymede,11,12,17,13:15,5.2,186,252,6.17,1.81,42.45576469,10.02,5.34,0,0.633333333,57.6,67.33674239,341.4934792,3501.510604,120.2441828,115.4344155,4146.019424
TC16,12/18/17,Thames at Runnymede,18,12,17,12:30,4.5,167,227,5.22,2.73,37.64200138,8.81,5.39,4.5,1.766666667,50.7,139.4832521,779.1823047,3285.071075,182.7711579,404.0204543,4790.528244
TC16,1/15/18,Thames at Runnymede,15,1,18,13:15,7.3,93,137,5.17,1.35,37.70623145,8.84,5.21,1.5,0.5,62.4,72.1465097,322.25441,1558.364609,101.0051136,206.8199945,2260.590637
TC16,1/22/18,Thames at Runnymede,22,1,18,13:00,5.9,134,242,5.02,4.12,34.09101991,8.75,5.64,1.8,0.6,143,105.8148809,428.0692909,2265.400405,269.3469695,288.5860388,3357.217585
TC16,1/29/18,Thames at Runnymede,29,1,18,13:00,8.2,112,205,5.07,1.86,36.16272058,9.01,7.06,0.9,0.3,100,187.5809252,519.4548698,1856.570183,153.912554,505.0255679,3222.5441
TC16,2/5/18,Thames at Runnymede,5,2,18,15:15,5.8,95,134,5.11,1.32,35.52872295,9.3,4.14,5.8,2.866666667,67.8,120.2441828,562.7427756,2164.395291,187.5809252,120.2441828,3155.207357
TC16,2/12/18,Thames at Runnymede,12,2,18,13:30,5.2,104,146,4.91,1.13,37.70266399,8.75,4.77,7.3,5.166666667,76.2,158.7223213,408.8302216,2395.264122,144.2930194,86.57581164,3193.685496
TC16,2/19/18,Thames at Runnymede,19,2,18,12:30,6.9,94,141,4.8,1.87,34.77942498,8.9,4.77,0,2.066666667,69.5,394.4009197,764.7530028,2380.83482,149.1027867,278.9665042,3968.058033
TC16,2/26/18,Thames at Runnymede,26,2,18,12:45,3.7,91,226,4.86,1.4,36.109921,8.84,4.04,5.2,7.1,52.2,485.7864986,1111.056249,2804.094344,105.8148809,153.912554,4660.664527
TC16,3/5/18,Thames at Runnymede,5,3,18,13:15,3.8,87,125,4.68,3.48,38.04466791,9.81,3.87,1.3,1.166666667,80,1082.197645,2991.675269,2659.801324,72.1465097,110.6246482,6916.445396
TC16,3/12/18,Thames at Runnymede,12,3,18,14:30,8.6,93,184,3.96,10.14,31.35631305,7.67,5.44,0,0.666666667,122,2121.107385,3419.74456,3424.554327,298.2055734,548.3134737,9811.925319
TC16,3/19/18,Thames at Runnymede,19,3,18,15:45,5.5,78,178,4.15,6.52,29.56486593,6.88,6.49,7.4,2.466666667,105,1457.359496,1957.575296,2592.464582,206.8199945,456.9278948,6671.147263
TC16,3/26/18,Thames at Runnymede,26,3,18,12:30,7.6,66,117,3.8,10,33.42992204,8.16,4,5.8,1.966666667,81.2,2996.485036,2929.148294,3530.369208,226.0590637,336.6837119,10018.74531
TC16,4/9/18,Thames at Runnymede,9,4,18,11:00,10.7,48,134,3.48,5.98,26.92779483,7.1,6.03,0,0.2,153,1231.300432,1385.212986,2597.274349,625.2697507,692.6064931,6531.664011
TC16,4/16/18,Thames at Runnymede,16,4,18,14:15,11.7,79,103,4.17,6.41,29.80157618,7.47,6.41,5.7,5.2,111,846.5190471,1192.822294,2943.577596,269.3469695,355.9227812,5608.188687
TC16,4/23/18,Thames at Runnymede,23,4,18,11:15,15.6,71,117,4.09,8.49,30.48068629,7.19,4.33,3.3,6.233333333,75.4,1750.755302,4107.541285,7878.398859,432.8790582,533.8841718,14703.45868
TC16,4/30/18,Thames at Runnymede,30,4,18,10:45,10.8,76,114,4.11,4.88,31.98993618,7.96,3.93,0.5,0.166666667,70.5,1053.339042,2977.245967,5425.417529,365.5423158,336.6837119,10158.22857
TC16,5/8/18,Thames at Runnymede,8,5,18,11:00,16.6,74,128,3.83,11.85,34.26554445,8.67,4.06,11.3,11.93333333,50.6,3140.778056,15112.2889,11009.55738,692.6064931,529.0744045,30484.30523
TC16,5/14/18,Thames at Runnymede,14,5,18,11:00,15.8,60,133,3.17,24.29,31.94500263,7.78,3.93,12.9,8.4,48.1,4064.25338,36717.76367,15968.42748,1418.881357,952.333928,59121.65981
TC16,5/21/18,Thames at Runnymede,21,5,18,11:00,17.4,47,108,3.17,33.89,33.86561816,7.82,2.9,8.8,11.1,38.1,3515.939906,94430.16166,25515.8156,4631.805923,1245.729734,129339.4528
TC16,5/29/18,Thames at Runnymede,29,5,18,10:45,18.4,105,148,4.37,8.71,32.75796943,8.28,3.22,0,3.4,40.2,928.2850915,7989.023507,21807.485,1380.403219,731.0846316,32836.28145
TC16,6/4/18,Thames at Runnymede,4,6,18,11:00,18.9,159,217,4.9,4.42,30.68229778,7.8,3.53,0.1,6.466666667,53.6,447.3083601,3905.531058,14530.30705,389.5911524,721.465097,19994.20272
TC16,6/11/18,Thames at Runnymede,11,6,18,11:00,19.2,149,202,6.02,3.6,33.01411369,7.94,4.2,12.8,8.133333333,32.4,235.6785983,2549.176676,14155.1452,418.4497562,707.035795,18065.48603
TC16,6/18/18,Thames at Runnymede,18,6,18,13:45,18.6,122,148,5.74,3.52,33.48238213,7.94,3.79,8.4,3.866666667,28.9,168.341856,4463.464067,62041.18857,2606.893884,812.8506759,70092.73906
TC16,6/25/18,Thames at Runnymede,25,6,18,13:30,20.4,132,145,4.95,5.79,35.87111457,8.78,3.8,15,12.23333333,23.6,129.8637175,5478.32497,93165.19286,5704.384033,1135.105086,105612.8707
TC16,7/2/18,Thames at Runnymede,2,7,18,11:15,22.1,105,148,4.55,4.89,34.68109062,8.49,3.59,14.7,12.83333333,18.3,62.52697507,2294.259008,114948.629,3155.207357,3833.384549,124294.0069
TC16,7/9/18,Thames at Runnymede,9,7,18,10:45,23.8,130,150,4.83,3.3,34.68138323,8.01,4.44,12.6,13.7,16.6,48.09767313,947.5241607,86267.98653,3376.456654,19647.89947,110287.9645
TC16,7/16/18,Thames at Runnymede,16,7,18,11:00,23.6,114,152,5.2,3.85,34.1138487,7.79,3.71,7.3,10.8,15.7,62.52697507,1673.799025,150329.2774,1702.657629,29079.85318,182848.1142
TC16,7/23/18,Thames at Runnymede,23,7,18,10:30,23.2,139,175,5.59,4.4,35.52492213,8.35,4.2,13.5,8.4,15.4,163.5320886,2698.279463,39069.73989,2270.210172,19888.38784,64090.14945
TC16,7/30/18,Thames at Runnymede,30,7,18,16:00,20.8,152,193,5.73,4.35,34.47106609,8.33,4.52,3.4,3.533333333,16.2,187.5809252,2712.708765,91914.65336,851.3288144,16670.65351,112336.9254
TC16,8/6/18,Thames at Runnymede,6,8,18,15:00,24.4,168,211,5.93,4.96,34.05600165,8.21,4.02,12.5,11.66666667,14.6,125.0539501,3520.749673,229868.3994,2962.816665,35529.75114,272006.7709
TC16,8/13/18,Thames at Runnymede,13,8,18,11:30,19.9,186,211,6.17,5,34.23769346,8.03,5.11,5.1,3.233333333,16.1,76.95627701,2573.225513,76821.60353,1178.392992,14111.8573,94762.0356
TC16,8/20/18,Thames at Runnymede,20,8,18,11:30,19.8,204,226,6.23,4.66,34.88748975,8.33,3.37,3,3.333333333,15.3,33.66837119,2284.639474,107123.1376,1260.159036,8046.740715,118748.3452
TC16,8/28/18,Thames at Runnymede,28,8,18,11:45,17.6,199,224,6.61,3.56,34.91975552,8.24,5.25,2.4,2,19,72.1465097,2265.400405,66235.30567,1058.148809,5940.062632,75571.06403
TC16,9/3/18,Thames at Runnymede,3,9,18,11:30,18,204,230,6.04,3.34,36.68156432,8.21,4.19,4.9,6.933333333,13.2,57.71720776,3289.880842,66889.43402,1447.739961,5637.047291,77321.81933
TC16,9/10/18,Thames at Runnymede,10,9,18,11:30,17.7,178,210,5.89,3.98,36.438802,8.8,5.02,6.9,4.966666667,12.5,43.28790582,1274.588338,64407.59409,1000.431601,4121.970587,70847.87252
TC16,9/17/18,Thames at Runnymede,17,9,18,11:30,17.2,169,216,5.78,3.77,37.79281823,9.45,5.6,6,5.733333333,6,72.1465097,1087.007413,51185.54375,1207.251596,2125.917152,55677.86642
TC16,10/1/18,Thames at Runnymede,1,10,18,11:30,13.7,15,170,2.66,247.86,33.45559568,7.75,5.26,7.6,5.9,7.6,14.42930194,423.2595236,5747.671939,235.6785983,182.7711579,6603.810521
TC16,10/8/18,Thames at Runnymede,8,10,18,11:30,13.1,160,214,6.44,19.62,39.77106513,9.19,4.46,2.2,2.266666667,2.2,2496.269236,3506.320371,41392.8575,596.4111468,1087.007413,49078.86566
TC16,10/15/18,Thames at Runnymede,15,10,18,11:45,14.4,171,259,5.91,5.37,36.35798887,8.36,4.68,0,1.8,0,250.1079003,1183.202759,28815.31597,442.4985928,360.7325485,31051.85777
TC16,10/22/18,Thames at Runnymede,22,10,18,11:30,13.4,176,200,6.12,2.46,32.60853876,7.71,6,7,6.8,7,125.0539501,615.6502161,13698.21731,346.3032466,447.3083601,15232.53308
TC16,10/29/18,Thames at Runnymede,29,10,18,11:30,10.1,172,204,,2.36,39.34089161,9.11,5.19,7.1,4.766666667,7.1,43.28790582,562.7427756,13712.64661,375.1618504,957.1436953,15650.98284
TC16,11/5/18,Thames at Runnymede,5,11,18,12:00,9.3,164,191,6.77,1.81,40.3064883,9.41,4.64,3.4,2.933333333,14.41,46.2769465,566.8925947,8798.404454,543.7541214,937.1081667,10892.43628
TC16,11/12/18,Thames at Runnymede,12,11,18,12:00,10.3,166,207,6.44,2.22,37.24511635,8.52,4.67,5.8,4.5,33.59,156.1846945,566.8925947,4118.648239,179.3231677,763.5696173,5784.618313
TC16,11/19/18,Thames at Runnymede,19,11,18,11:10,9.5,171,209,6.7,1.78,36.8797808,8.95,5.58,2,4.6,16.79,167.7539311,306.5847706,2441.108928,144.6154578,347.0770988,3407.140186
TC16,11/26/18,Thames at Runnymede,26,11,18,11:25,7.9,169,181,7.02,1.13,41.12718264,9.53,4.39,0.4,0.133333333,16.72,,,,,,
TC16,12/3/18,Thames at Runnymede,3,12,18,11:25,9.8,188,227,6.86,1.86,38.88977513,8.97,4.75,1.9,1.166666667,37.23,121.4769846,237.1693508,1532.923853,52.06156482,208.2462593,2151.878012
TC16,12/10/18,Thames at Runnymede,10,12,18,11:20,8.4,185,267,6.47,4.79,37.66831369,10.04,6.05,0.1,2.033333333,46,190.8924043,578.4618313,2759.262935,242.9539691,1029.66206,4801.2332
TC16,1/7/19,Thames at Runnymede,7,1,19,11:30,7.9,144,161,6.37,0.65,41.33438863,12.44,4.94,0,0,37.21,30.08701737,802.3204633,4813.92278,80.23204633,712.0594112,6438.621718
TC16,1/14/19,Thames at Runnymede,14,1,19,11:30,7,145,152,5.87,1.33,40.95879075,9.94,4.4,2.2,0.8,32.3,,,,,,
TC16,1/21/19,Thames at Runnymede,21,1,19,11:40,5.5,143,206,5.9,0.68,42.3588041,9.88,4.13,0,1.666666667,31.09,150.4350869,802.3204633,7541.812355,210.6091216,511.4792954,9216.656322
TC16,1/28/19,Thames at Runnymede,28,1,19,11:45,5.2,157,196,5.64,0.85,39.562647,10.34,4.3,7,3.433333333,38.63,280.8121622,1504.350869,8604.886969,260.7541506,531.5373069,11182.34146
TC16,2/4/19,Thames at Runnymede,4,2,19,11:25,4.2,148,195,5.34,2.27,40.67717133,11.22,4.28,1,4,54.6,992.8715734,1694.901979,5816.823359,210.6091216,772.2334459,9487.439479
TC16,2/11/19,Thames at Runnymede,11,2,19,12:50,6.7,118,280,4.9,8.08,42.56584684,10.3,7.8,2.2,2.4,105.7,1203.480695,1755.076014,6659.259846,1002.900579,6649.23084,17269.94797
TC16,2/18/19,Thames at Runnymede,18,2,19,12:05,7.7,100,135,5.16,3.24,44.01370114,11.08,10.96,0,1.833333333,57.01,1133.277654,1945.627124,5576.12722,140.4060811,1113.219643,9908.657722
TC16,2/25/19,Thames at Runnymede,25,2,19,11:15,8.9,107,131,4.97,4.51,41.01394656,9.28,4.64,7.7,7.333333333,38.99,1293.741747,3429.919981,8975.960183,371.0732143,491.4212838,14562.11641
TC16,3/4/19,Thames at Runnymede,4,3,19,11:20,9.3,109,176,4.59,3.93,40.34082295,9.23,3.37,3.5,2.033333333,47.4,1153.335666,2737.918581,11413.00859,250.7251448,702.0304054,16257.01839
TC16,3/11/19,Thames at Runnymede,11,3,19,11:30,8.3,104,162,3.92,6.04,34.11065672,7.96,4.74,8,6.466666667,66.23,1765.105019,2196.352268,8304.016795,340.9861969,1243.596718,13850.057
TC16,3/18/19,Thames at Runnymede,18,3,19,11:40,9.4,99,143,4.3,6.84,37.07256438,9.2,4.86,2.2,3.633333333,60.55,1464.234846,1965.685135,5425.692133,481.392278,1845.337066,11182.34146
TC16,3/25/19,Thames at Runnymede,25,3,19,11:30,10.8,103,133,4.38,5.06,36.44988433,8.86,4.34,10.4,7.466666667,42.35,1524.40888,2447.077413,10149.35386,310.8991795,1213.509701,15645.24903
TC16,4/1/19,Thames at Runnymede,1,4,19,11:30,11.8,102,140,3.98,5.71,39.16589837,10.05,3.81,9.2,5.7,36.16,2948.527703,2727.889575,14150.92717,772.2334459,952.7555502,21552.33345
TC16,4/8/19,Thames at Runnymede,8,4,19,11:10,9.8,92,128,3.17,5.28,35.11429382,8.8,3.84,0,0.766666667,34.84,1434.147828,2788.06361,9677.990589,381.1022201,631.8273649,14913.13161
TC16,4/15/19,Thames at Runnymede,15,4,19,11:20,10.2,99,133,3.49,4.13,35.42393499,8.72,3.92,8.1,6.6,32.06,1353.915782,3720.761149,7561.870367,561.6243243,421.2182432,13619.38986
TC16,4/23/19,Thames at Runnymede,23,4,19,11:10,15.4,103,149,2.59,12.5,35.31530415,8.68,4.52,2,7.033333333,27.31,4031.660328,22434.88596,21823.1166,2366.845367,2166.265251,52822.7735
TC16,4/29/19,Thames at Runnymede,29,4,19,11:45,13.1,64,107,2.92,6.53,35.52170974,9.28,4.58,6.5,4.466666667,26.32,12285.53209,72168.72568,13589.30285,6779.607915,4823.951786,109647.1203
TC16,5/7/19,Thames at Runnymede,7,5,19,11:40,13.7,100,177,3.6,50.49,36.64995256,9.46,4.96,4.6,2.366666667,24.31,10029.00579,192586.9982,47026.00816,9818.39667,9357.062403,268817.4712
TC16,5/13/19,Thames at Runnymede,13,5,19,11:50,16.4,122,187,4.11,17.83,33.90404647,8.17,4,11.7,9.533333333,24.15,5596.185232,169600.5169,74034.12075,9126.39527,4242.26945,262599.4876
TC16,5/20/19,Thames at Runnymede,20,5,19,12:30,17,128,168,4.13,16.08,34.22916713,8.68,5.18,6.5,3.066666667,22.81,2086.033205,65228.65367,44789.53986,6589.056805,1584.582915,120277.8665
TC16,5/27/19,Thames at Runnymede,28,5,19,12:50,18.2,140,218,4.22,10.37,35.67301803,10.15,4.47,0.9,3.6,17.42,2166.265251,36856.59628,57747.01535,4844.009797,2156.236245,103770.1229
TC16,6/4/19,Thames at Runnymede,4,5,19,13:00,17.9,140,175,4.93,19.99,33.84705507,10.24,4.2,3,3.866666667,17.15,3068.875772,32152.99257,83020.10994,2788.06361,681.9723938,121712.0143
TC16,6/10/19,Thames at Runnymede,10,6,19,12:40,16.7,178,218,5.48,6.83,35.57316074,8.94,4.18,0,5.733333333,31.52,571.6533301,11994.69093,75408.09455,2076.004199,1343.886776,91394.32978
TC16,6/17/19,Thames at Runnymede,17,6,19,12:40,17.3,202,253,5.33,2.38,27.81452922,7.06,6.16,4.7,5.566666667,37.18,411.1892375,4011.602317,53845.73209,411.1892375,822.3784749,59502.09136
TC16,6/24/19,Thames at Runnymede,24,6,19,14:20,19.6,210,244,5.34,2.65,30.594901,8.31,5.38,7.3,6.633333333,24.41,521.5083012,8745.29305,66251.61226,892.5815154,441.2762548,76852.27138
TC16,7/1/19,Thames at Runnymede,1,7,19,13:00,21.3,183,204,7.38,6.09,26.94090505,7.55,3.17,8.1,10.33333333,17.83,90.26105212,220.6381274,2467.135425,130.3770753,2276.584315,5184.995994
TC16,7/8/19,Thames at Runnymede,8,7,19,12:10,22.3,170,213,5.38,6.64,31.06260722,8.65,5.2,5.2,4.8,15.95,381.1022201,4583.255647,105013.7196,8354.161824,2978.61472,121310.8541
TC16,7/15/19,Thames at Runnymede,15,7,19,13:10,21.7,188,216,5.33,4.87,31.4197593,8.77,5.23,8.3,6.233333333,13.74,70.20304054,3018.730743,256892.9833,3169.16583,5957.22944,269108.3124
TC16,7/23/19,Thames at Runnymede,23,7,19,13:30,22.5,208,268,5.71,3.49,31.99385759,8.9,5.53,12,7.366666667,24.38,90.26105212,3750.848166,211812.6023,772.2334459,3259.426882,219685.3719
TC16,7/29/19,Thames at Runnymede,29,7,19,13:00,22.5,198,258,5.73,3.29,31.75088566,8.78,4.58,12,5.166666667,18.52,60.17403475,2296.642326,164124.6798,2717.860569,11433.0666,180632.4233
TC16,8/5/19,Thames at Runnymede,5,8,19,13:10,21.1,221,265,5.82,4.23,33.29222655,8.94,5.3,7.1,2.766666667,16.01,70.20304054,2517.280454,133556.2701,3911.312259,29996.75632,170051.8222
TC16,8/12/19,Thames at Runnymede,12,8,19,12:50,19.5,227,284,5.5,4.37,34.04371247,9.63,4.66,2.3,5.333333333,22.23,170.4930985,1985.743147,146624.0647,3339.658929,27970.89715,180090.857
TC16,8/19/19,Thames at Runnymede,19,8,19,12:50,18.8,226,317,5.47,2.06,32.17798638,8.98,4.71,10.5,8.533333333,23.34,30.08701737,1323.828764,144628.2925,2617.570512,13017.64952,161617.4283
TC16,8/27/19,Thames at Runnymede,27,8,19,12:45,22.6,123,205,3.76,64.08,28.24433252,7.63,4.77,8.2,9.9,16.48,,,,,,
TC16,9/9/19,Thames at Runnymede,9,9,19,12:30,16.6,226,267,5.74,5.53,33.85267118,8.74,5.19,0,4.033333333,15.06,210.6091216,1855.366071,168086.1371,2196.352268,5967.258446,178315.723
TC16,9/16/19,Thames at Runnymede,16,9,19,12:50,18.4,204,228,5.72,3.97,36.3361901,9.1,4.08,0.2,5.833333333,14.28,120.3480695,1674.843967,277051.285,2477.164431,7381.348263,288704.9897
TC16,9/23/19,Thames at Runnymede,23,9,19,13:00,18.6,216,255,5.67,14.95,36.3349475,9.52,4.92,4.5,5.066666667,15.01,50.14502896,1373.973793,244477.0742,1474.263851,6238.041602,253613.4985
TC16,9/30/19,Thames at Runnymede,30,9,19,13:00,16.4,229,311,5.67,1.87,32.99950506,9.05,5.31,0.3,1.3,29.37,90.26105212,882.5525097,75257.65946,461.3342664,702.0304054,77393.83769
TC16,10/7/19,Thames at Runnymede,7,10,19,13:30,14.7,264,305,5.4,2.03,31.04037344,8.76,5.09,0.4,2.533333333,40.99,280.8121622,1022.958591,20709.89696,180.5221042,712.0594112,22906.24923
TC16,10/14/19,Thames at Runnymede,14,10,19,13:45,13.3,69,101,7.59,1.96,31.01756694,8.53,6.04,0,0.4,85.87,100.2900579,631.8273649,1674.843967,230.6671332,752.1754344,3389.803958
TC16,10/21/19,Thames at Runnymede,21,10,19,13:22,,159,279,6.06,3.16,28.68442234,7.19,9.81,0,2.566666667,72.29,200.5801158,842.4364865,4141.979392,411.1892375,3931.37027,9527.555502
TC16,10/28/19,Thames at Runnymede,28,10,19,13:00,,128,192,5.56,0.85,30.96406161,8.87,6.02,0.9,2.366666667,87.13,260.7541506,681.9723938,2848.237645,411.1892375,1905.5111,6107.664527
TC16,11/4/19,Thames at Runnymede,4,11,19,13:30,11.8,107,134,5.11,2.22,32.22867591,8.66,5.81,1.6,1.433333333,89.22,290.841168,571.6533301,2507.251448,160.4640927,982.8425676,4513.052606
TC16,11/11/19,Thames at Runnymede,11,11,19,11:30,8.1,106,236,5,2.24,29.87816442,8.15,7.46,4,3.266666667,132.5,361.0442085,681.9723938,2687.773552,641.8563707,7491.667326,11864.31385
TC16,11/18/19,Thames at Runnymede,18,11,19,11:30,6.9,97,264,5.13,4.76,27.28601646,7.48,8.19,6.4,2.266666667,172.8,270.7831564,842.4364865,3249.397876,631.8273649,9728.135618,14722.5805
TC16,11/25/19,Thames at Runnymede,25,11,19,11:55,8.2,89,293,4.73,1.38,32.09628691,9.15,6.52,0,0,120.7,170.4930985,300.8701737,1012.929585,230.6671332,1394.031805,3108.991795
TC16,12/3/19,Thames at Runnymede,3,12,19,13:50,6.1,92,128,4.79,1.58,31.01270503,8.31,7.89,1.5,2.533333333,102.6,250.7251448,411.1892375,1745.047008,230.6671332,611.7693533,3249.397876
TC16,12/9/19,Thames at Runnymede,9,12,19,11:40,7.6,91,174,4.88,1.99,34.28720856,8.93,5.3,3.4,3,86.98,90.26105212,250.7251448,882.5525097,140.4060811,130.3770753,1494.321863
TC16,12/16/19,Thames at Runnymede,16,12,19,11:45,6.6,108,270,4.87,4.58,25.44031082,7.61,8.62,0,2.933333333,173.8,351.0152027,902.6105212,3700.703137,571.6533301,1123.248649,6649.23084
TC16,1/6/20,Thames at Runnymede,6,1,20,11:20,7.9,97,143,5.48,1.13,31.99874624,8.47,5.51,0,0.533333333,108.5,450.9380996,712.0075257,5150.187769,284.8030103,593.3396048,7191.27601
TC16,1/13/20,Thames at Runnymede,13,1,20,11:35,8.3,104,204,5.34,2.69,30.19957856,8.17,6.19,0.5,1.8,122.8,427.2045154,1162.945625,6621.669989,640.8067731,878.142615,9730.769518
TC16,1/20/20,Thames at Runnymede,20,1,20,11:20,5.1,97,264,5.23,2.6,25.59311691,6.3,8.95,4.9,5.133333333,221.2,,,,,,
TC16,1/27/20,Thames at Runnymede,27,1,20,11:30,7.9,92,219,5.33,0.91,32.51704838,9.04,5.32,0.5,0.166666667,119.9,261.0694261,522.1388522,3251.501034,498.405268,189.8686735,4722.983254
TC16,2/3/20,Thames at Runnymede,3,2,20,11:20,8.8,97,148,5.32,1.09,30.73265243,8.02,5.3,0.3,2.433333333,112,308.5365945,735.7411099,6146.998305,688.2739415,759.4746941,8639.024645
TC16,2/10/20,Thames at Runnymede,10,2,20,11:30,7.7,101,167,5.53,1.61,33.80358689,,,3,2.2,114.8,450.9380996,1542.682972,8472.889556,854.4090309,806.9418625,12127.86152
TC16,2/17/20,Thames at Runnymede,17,2,20,11:25,8.6,102,296,4.57,4.78,22.84718436,,,4.9,1.633333333,232.9,1424.015051,2824.296519,8686.491814,1803.752398,2966.698024,17705.25381
TC16,2/24/20,Thames at Runnymede,24,2,20,11:25,9,79,140,4.68,2.57,26.71356138,,,0,1.3,214,1068.011289,3370.168955,8235.553714,996.810536,640.8067731,14311.35127
TC16,3/2/20,Thames at Runnymede,2,3,20,11:30,7.2,75,209,4.02,4.3,23.40603605,,,7.3,7.066666667,226.3,1115.478457,3251.501034,10134.24045,759.4746941,1566.416557,16827.11119
TC16,3/9/20,Thames at Runnymede,9,3,20,11:30,8.3,61,121,3.48,4.25,26.91162358,,,2,3.133333333,167.4,,,,,,
TC16,3/16/20,Thames at Runnymede,16,3,20,12:00,9.4,64,96,5.68,5.53,28.06114663,6.47,4.41,9.3,4.166666667,136.7,3916.041391,3654.971965,13907.88034,712.0075257,474.6716838,22665.5729
TC16,3/23/20,Thames at Runnymede,23,3,20,13:10,8.9,,58,4.34,,30.10179526,9.39,3.86,11.7,9.8,96.49,,,,,,
TC16,6/1/20,Thames at Runnymede,1,6,20,11:30,19.7,97,215,5.01,63.74,34.8069863,8.42,4.14,14,14.5,24.02,,,,,,
TC16,6/8/20,Thames at Runnymede,8,6,20,11:05,16.2,127,194,5.92,19.09,35.00777285,8.89,4.52,5.6,4.866666667,25.1,10229.17479,110859.5718,156689.1228,5577.392285,3821.107055,287176.3687
TC16,6/15/20,Thames at Runnymede,15,6,20,11:00,18.1,72,221,5.11,174.14,31.80734309,7.39,5.16,8.3,8.566666667,25.56,140265.4826,80456.85041,55940.05794,6052.063969,1993.621072,284708.0759
TC16,6/22/20,Thames at Runnymede,22,6,20,11:00,18.5,165,201,6.45,8.86,32.88213307,8.23,2.92,14.9,10.7,23.99,,,,,,
TC16,6/29/20,Thames at Runnymede,29,6,20,10:55,19.5,180,212,6.33,5.56,33.01454024,8.07,2.86,3.2,4.966666667,24.37,664.5403573,47253.56612,649422.0642,7571.013357,20600.75108,725511.9351
TC16,7/6/20,Thames at Runnymede,6,7,20,11:00,18.2,177,188,6.55,6.34,33.46998866,7.79,4.23,8.8,6.3,22.15,,,,,,
TC16,7/13/20,Thames at Runnymede,13,7,20,11:10,18.9,170,246,6.46,4.53,32.87729927,7.88,3.4,3.7,8.066666667,22.07,450.9380996,34033.95973,977135.3947,6360.600563,26629.08146,1044609.975
TC16,7/20/20,Thames at Runnymede,20,7,20,10:50,19.5,154,211,6.19,9.35,34.14261845,,,12.5,8,19.06,545.8724364,51952.81579,694848.1443,5031.519848,79293.90478,831672.2572
TC16,7/27/20,Thames at Runnymede,27,7,20,11:05,19.4,178,319,6.26,6.47,33.88338056,,,2.3,3.033333333,22.72,545.8724364,29049.90705,305474.9621,3298.968202,87481.99133,425851.7011
TC16,8/3/20,Thames at Runnymede,3,8,20,12:25,22.7,176,289,6.25,4.99,34.42790675,,,12.8,10.6,13.97,783.2082783,28931.23913,457868.3062,3726.172718,68044.18587,559353.1122
TC16,8/10/20,Thames at Runnymede,10,8,20,12:15,25.8,158,199,6.31,8.37,34.01032761,,,8.7,7.933333333,14.76,2088.555409,27554.69125,416571.8697,4319.512323,124814.9193,575349.5479
TC16,8/17/20,Thames at Runnymede,17,8,20,11:40,21.1,164,228,6.65,6.41,30.99757415,,,6,3.2,21.7,427.2045154,10846.24798,255444.5666,2539.493508,68495.12397,337752.6366
TC16,8/24/20,Thames at Runnymede,24,8,20,11:50,19.9,186,205,7.19,5.46,34.60352811,,,5.7,7.366666667,21.72,712.0075257,10988.64948,421769.5246,3939.774976,60639.30761,498049.2642
TC16,9/1/20,Thames at Runnymede,1,9,20,11:40,16.3,198,232,6.74,2.43,30.36304034,,,7.1,4.9,29.43,996.810536,12104.12794,235650.7574,1898.686735,6526.735652,257177.1183
TC16,9/7/20,Thames at Runnymede,7,9,20,13:00,16.6,189,273,6.63,3.23,31.93660824,,,0.8,5.233333333,19.31,925.6097834,13124.67206,300680.7781,1044.277704,7333.677515,323109.0152
TC16,9/14/20,Thames at Runnymede,14,9,20,11:30,17.3,183,260,6.74,1.13,33.62346882,,,9.3,8.466666667,19.28,1234.146378,12080.39435,353250.6671,3678.70555,18227.39266,388471.306
TC16,9/21/20,Thames at Runnymede,21,9,20,11:45,17.5,173,212,6.72,4.07,35.50478466,,,7.5,8.333333333,13.67,735.7411099,5672.326622,367182.281,1613.883725,9256.097834,384460.3303
TC16,9/28/20,Thames at Runnymede,28,9,20,11:40,13.8,149,199,6.73,3.32,36.47055053,,,5.5,5.933333333,16.66,332.2701787,4343.245907,158231.8058,1186.67921,5316.322859,169410.324
TC16,10/5/20,Thames at Runnymede,5,10,20,12:20,13.2,200,435,5.09,13.85,28.71771923,,,4.5,1.5,126.1,1685.084478,7001.407336,33725.42313,4675.516086,13385.74148,60473.17252
TC16,10/12/20,Thames at Runnymede,12,10,20,11:30,11.8,157,236,6.88,2.65,28.55499066,,,0.1,2.433333333,70.54,522.1388522,1898.686735,8591.557477,664.5403573,759.4746941,12436.39812
TC16,10/19/20,Thames at Runnymede,19,10,20,11:30,11.4,126,289,6.55,1.61,31.88207564,,,3.2,1.133333333,41.64,,,,,,
TC16,10/26/20,Thames at Runnymede,26,10,20,11:30,11.7,142,219,5.62,2.49,31.40170731,,,6.8,4.233333333,92.04,,,,,,
TC16,11/2/20,Thames at Runnymede,2,11,20,11:40,12.6,81,200,6.42,1.97,29.02329038,,,4.6,2.233333333,100.8,,,,,,
TC16,11/9/20,Thames at Runnymede,9,11,20,11:25,9.4,107,168,6.09,0.88,29.34685184,,,0.1,1.866666667,68.65,261.0694261,783.2082783,3488.836876,189.8686735,356.0037629,5078.987017
TC16,11/16/20,Thames at Runnymede,16,11,20,11:25,10.6,115,210,5.94,2.06,27.34431741,,,0.3,1.2,122.8,569.6060206,1495.215804,5482.457948,1091.744873,973.0769518,9612.101597
TC16,11/23/20,Thames at Runnymede,23,11,20,11:40,9,125,178,6.57,1.34,27.24648332,,,1,2.366666667,74.16,308.5365945,735.7411099,2942.96444,261.0694261,545.8724364,4794.184006
TC16,11/30/20,Thames at Runnymede,30,11,20,12:15,8.2,110,160,6.13,0.66,34.23498565,,,0,0,57.77,189.8686735,498.405268,3678.70555,284.8030103,427.2045154,5078.987017
TC16,12/7/20,Thames at Runnymede,7,11,20,11:50,5.9,121,145,6.12,0.73,33.13424559,9.75,4.32,0,1.333333333,73.79,142.4015051,593.3396048,3963.50856,308.5365945,450.9380996,5458.724364
TC16,12/14/20,Thames at Runnymede,14,12,20,11:40,7.7,116,274,5.79,1.6,31.01105552,9.13,4.49,2.2,1.466666667,82.89,94.93433676,498.405268,4651.782501,284.8030103,498.405268,6028.330384
TC16,1/4/21,Thames at Runnymede,4,1,21,11:15,3.9,85,128,5.44,1.57,27.57688967,,,0,1.2,151.1,,,,,,
TC16,1/11/21,Thames at Runnymede,11,1,21,11:40,4.6,97,109,5.56,0.81,32.77340748,,,0.7,0.233333333,81.78,31.07882797,87.02071832,770.7549337,80.80495273,49.72612476,1019.385557
TC16,1/18/21,Thames at Runnymede,18,1,21,11:55,6,75,172,5.38,1.19,35.27529854,,,0.1,2.3,122.1,99.45224951,223.7675614,1075.327448,174.0414366,155.3941399,1727.982835
TC16,1/25/21,Thames at Runnymede,25,1,21,11:40,3.8,92,193,4.9,1.75,20.20693285,,,4.8,2.766666667,172.8,155.3941399,410.2405292,1423.410321,118.0995463,211.3360302,2318.480567
TC16,2/1/21,Thames at Runnymede,1,2,21,11:25,5.5,95,362,4.63,3.52,16.55446515,,,0,0.1,323.4,93.23648392,404.0247636,1180.995463,329.4355765,4375.898978,6383.591265
TC16,2/8/21,Thames at Runnymede,8,2,21,11:20,4.7,71,119,4.44,1.8,22.91709655,,,0,1.7,278.2,167.825671,391.5932324,1690.688242,136.7468431,80.80495273,2467.658941
TC16,2/15/21,Thames at Runnymede,15,2,21,12:00,3.7,64,120,4.61,1.09,32.5529616,,,2.2,1.166666667,124.9,298.3567485,528.3400755,2007.692287,74.58918713,149.1783743,3058.156672
TC16,2/22/21,Thames at Runnymede,22,2,21,11:30,8.8,74,139,4.46,2.59,27.4188675,,,1.7,1.4,135.1,391.5932324,571.8504347,1945.534631,130.5310775,192.6887334,3232.198109
TC16,3/1/21,Thames at Runnymede,1,3,21,11:30,8.4,79,105,5.09,1.94,31.52175226,,,5.2,6.533333333,89.73,348.0828733,453.7508884,3083.019735,211.3360302,161.6099055,4257.799432
TC16,3/8/21,Thames at Runnymede,8,3,21,11:30,7,50,146,5.33,2.09,33.09935878,,,2.7,4.4,76.78,497.2612476,783.1864649,3580.280982,105.6680151,174.0414366,5140.438147
TC16,3/15/21,Thames at Runnymede,15,3,21,11:30,8.2,76,121,4.89,5.29,31.40020643,,,5,4.366666667,86.97,1591.235992,1877.16121,5351.774177,186.4729678,1100.19051,10106.83486
TC16,3/22/21,Thames at Runnymede,22,3,21,11:30,9.5,92,117,4.95,9.64,30.27955912,,,8.9,4.3,60.04,2498.737769,1982.829225,4301.309791,105.6680151,211.3360302,9099.88083
TC16,3/29/21,Thames at Runnymede,29,3,21,11:35,10,72,134,4.53,13.11,30.67428175,,,8.5,4.466666667,58.33,3499.47603,3642.438638,5183.948506,124.3153119,323.2198109,12773.3983
TC16,4/6/21,Thames at Runnymede,6,4,21,11:20,9.7,91,154,3.4,41.52,31.48114957,,,5.8,7.433333333,46.76,14619.48068,9820.909639,9317.432626,503.4770131,453.7508884,34715.05084
TC16,4/12/21,Thames at Runnymede,12,4,21,12:00,8.7,68,187,3.09,25.12,31.30346214,,,6.7,4.233333333,45.79,3959.442684,4891.807523,8167.515991,254.8463894,484.8297164,17758.4423
TC16,4/19/21,Thames at Runnymede,19,4,21,11:30,11.7,16,90,0.95,71.95,33.63925254,10.04,2.64,11.2,11.33333333,42.07,80867.11038,52865.08638,15421.31444,1442.057618,565.6346691,151161.2035
TC16,4/26/21,Thames at Runnymede,26,4,21,11:35,12.6,6,90,0.8,143.61,31.33779798,,,10.2,12.23333333,30.22,84422.5283,63972.6595,10890.02132,2274.970208,1361.252665,162921.432
TC16,5/4/21,Thames at Runnymede,4,5,21,11:15,11.9,3,131,2.29,100.28,30.5960434,,,9.2,5.633333333,48.76,,,,,,
TC16,5/10/21,Thames at Runnymede,10,5,21,11:40,12.8,44,137,3.3,100.79,29.34110768,,,8.9,3.066666667,51.79,31358.53742,49185.35315,35299.33281,1292.879244,1889.592741,119025.6954
TC16,5/17/21,Thames at Runnymede,17,5,21,12:00,13.8,26,144,3.91,71.91,28.39259206,,,3.8,3.233333333,82.12,9019.075877,324599.7109,42292.0691,522.1243099,1640.962117,378073.9423
TC16,5/24/21,Thames at Runnymede,24,5,21,12:00,12.4,104,174,5.05,11.43,31.41840248,,,5.1,3.4,80.48,2163.086427,23999.07096,15551.84552,435.1035916,2461.443175,44610.54967
TC16,6/1/21,Thames at Runnymede,1,6,21,12:05,17.2,65,152,4.94,20.8,30.00662663,,,13.7,11.4,46.54,6483.043515,35958.20396,20779.30438,609.1450282,2797.094517,66626.79141
TC16,6/15/21,Thames at Runnymede,15,6,21,12:05,21.8,59,171,5.21,16.79,29.68197509,,,12.6,12,30.95,2212.812552,20095.57017,105394.5214,1336.389603,2206.596786,131245.8905
TC16,6/21/21,Thames at Runnymede,21,6,21,12:11,16.4,156,217,5.87,2.63,26.44157762,,,0,0,58.32,335.6513421,3263.276937,17578.1851,304.5725141,1193.426994,22675.11289
TC16,7/12/21,Thames at Runnymede,12,7,21,12:20,23.4,138,159,6.19,4.67,27.80612165,,,3,2.866666667,37.22,292.1409829,10796.78484,136628.7435,1205.858525,3008.430548,151931.9584
TC16,7/19/21,Thames at Runnymede,19,7,21,12:50,19.4,127,174,6.02,4.93,27.31455748,,,12.8,12.6,22.2,236.1990926,8496.951568,244323.0982,1442.057618,3182.471984,257680.7785
TC16,7/26/21,Thames at Runnymede,23,7,21,11:40,22.6,139,191,6.16,5,25.4065122,,,9.5,3.6,22.52,37.29459357,242.4148582,1131.269338,124.3153119,298.3567485,1833.65085
TC16,8/2/21,Thames at Runnymede,2,8,21,12:30,19.5,53,175,6.48,3.79,38.55209267,,,3.6,2.933333333,25.28,273.4936862,7626.744384,272592.4001,1125.053573,20847.6778,302465.3696
TC16,8/9/21,Thames at Runnymede,9,8,21,12:44,n/a,167,207,6.03,2.65,29.26826395,,,4.8,5.3,29.33,111.8837807,4127.268355,188648.4858,1392.331493,7794.570055,202074.5395
TC16,8/16/21,Thames at Runnymede,16,8,21,12:40,n/a,153,186,6.04,5.3,28.53832392,,,4.3,5.2,19.9,130.5310775,5395.284536,190917.2402,1392.331493,7508.644838,205344.0322
TC16,8/23/21,Thames at Runnymede,23,8,21,11:45,18.8,95,148,5.34,29.04,31.01826875,,,6.4,4.566666667,23.77,6489.259281,43640.89024,75341.29477,1081.543213,20599.04718,147152.0347
TC16,8/30/21,Thames at Runnymede,30,8,21,13:00,17.9,216,271,6.88,7.59,34.43624999,,,0,2.466666667,18.51,217.5517958,7017.599356,203367.4187,2125.791833,23508.02548,236236.3872
TC16,9/6/21,Thames at Runnymede,6,9,21,12:30,,327,348,6.09,2.4,39.93249197,,,7,4.833333333,17.21,242.4148582,4251.583667,83334.76932,721.0288089,6228.197126,94777.99378
TC16,9/13/21,Thames at Runnymede,13,9,21,11:31,18.8,181,224,6.43,5.92,29.52246693,,,0.6,3.066666667,17.46,87.02071832,3630.007107,262883.3743,1218.290056,16173.42208,283992.1142
TC16,9/20/21,Thames at Runnymede,20,9,21,13:30,18.1,213,239,6.77,3.46,36.34748147,,,9.6,5.8,16.61,80.80495273,3219.766578,276502.1167,1087.758979,7819.433118,288709.8803
TC16,9/27/21,Thames at Runnymede,27,9,21,12:20,17.7,207,231,6.74,2.4,39.75636041,,,8,4.966666667,18.11,49.72612476,1373.684196,176297.7596,472.3981852,3654.870169,181848.4382
TC16,10/4/21,Thames at Runnymede,4,10,21,12:40,14.5,234,272,6.21,2.6,33.9905397,,,6.3,4.1,36.84,118.0995463,1448.273383,62194.95054,236.1990926,1510.431039,65507.9536
TC16,10/11/21,Thames at Runnymede,11,10,21,12:30,13.1,197,265,6.28,0.95,29.78995427,,,4,4.666666667,23.34,55.94189035,944.7963703,14464.08654,149.1783743,764.5391681,16378.54234
TC16,10/18/21,Thames at Runnymede,18,10,21,12:00,13.6,195,228,6.59,1.6,34.19165254,,,0.2,2.066666667,19.02,49.72612476,1075.327448,23439.65206,136.7468431,640.2238562,25341.67633
TC16,10/25/21,Thames at Runnymede,25,10,21,12:30,12.7,206,247,5.99,1.31,29.30444188,,,4.8,3.033333333,49.12,99.45224951,1025.601323,5594.189035,105.6680151,528.3400755,7353.250698
TC16,11/1/21,Thames at Runnymede,1,11,21,12:00,11.8,210,276,6.83,2.33,27.40952207,,,7.6,6.166666667,74.1,142.9626087,938.5806048,3704.596294,161.6099055,335.6513421,5283.400755
TC16,11/8/21,Thames at Runnymede,8,11,21,11:40,9.2,171,258,6.35,0.89,28.82694437,,,0,1.633333333,33.9,55.94189035,491.045482,2057.418412,49.72612476,217.5517958,2871.683705
TC16,11/15/21,Thames at Runnymede,15,11,21,11:30,10.9,165,179,6.63,1.1,23.76399833,,,2.4,0.833333333,34.35,62.15765594,404.0247636,2051.202646,49.72612476,186.4729678,2753.584158
TC16,11/22/21,Thames at Runnymede,22,11,21,11:30,9.3,160,198,6.61,1.12,34.0970625,,,5.8,3.666666667,26.93,24.86306238,385.3774669,2355.77516,55.94189035,242.4148582,3064.372438
TC16,11/29/21,Thames at Runnymede,29,11,21,11:45,5,191,198,6.79,0.46,37.21420527,,,0.7,1.866666667,32.34,18.64729678,205.1202646,2455.22741,49.72612476,93.23648392,2821.95758
TC16,12/6/21,Thames at Runnymede,6,12,21,11:40,6.2,192,332,6.16,0.88,37.5837879,,,0,1.733333333,36.68,93.23648392,279.7094517,1516.646805,49.72612476,205.1202646,2144.43913
TC16,12/12/21,Thames at Runnymede,13,12,21,0.486111111,7.1,164,217,5.42,1.49,34.98806071,,,1.9,2.466666667,55.61,68.37342154,310.7882797,1280.447712,68.37342154,236.1990926,1964.181928
TC16,1/4/22,Thames at Runnymede,4,1,22,,9.8,141,240,5.55,1.83,31.60930939,8.17,5.35,1.4,0.7,94.98,130.7068832,457.4740911,1718.795514,182.9896364,398.6559936,2888.622118
TC16,1/10/22,Thames at Runnymede,10,1,22,,5.6,129,250,5.58,1.29,30.69937956,8.22,4.81,0,1.8,81.51,98.03016237,222.2017014,1339.745552,84.95947406,444.4034028,2189.340293
TC16,1/17/22,Thames at Runnymede,17,1,22,11:40,5.7,130,178,5.91,0.71,35.97524009,9.55,3.69,6.2,3.066666667,55.25,98.03016237,209.1310131,1444.311059,65.35344158,169.9189481,1986.744624
TC16,1/24/22,Thames at Runnymede,24,1,22,11:40,5.2,138,192,6.09,1.12,33.61482776,8.99,7.09,0,0,44.87,104.5655065,320.2318638,1758.007579,32.67672079,182.9896364,2398.471306
TC16,1/31/22,Thames at Runnymede,31,1,22,12:20,7.6,139,234,6.13,1.11,36.64161572,10.45,4.05,3.8,3.866666667,38.69,98.03016237,379.0499612,2300.441144,71.88878574,176.4542923,3025.864345
TC16,2/7/22,Thames at Runnymede,7,2,22,11:30,7.6,135,173,5.81,0.94,37.28535911,10.76,2.58,0.4,3.366666667,45.03,124.171539,522.8275327,3091.217787,98.03016237,372.514617,4208.761638
TC16,2/14/22,Thames at Runnymede,14,2,22,11:35,7.8,135,197,5.49,1.23,36.26202803,10.37,3.32,3.5,2.266666667,73.73,91.49481821,196.0603247,1542.341221,1398.56365,254.8784222,3483.338436
TC16,2/21/22,Thames at Runnymede,21,2,22,11:20,7.3,123,350,5.32,3.05,28.07180655,7.78,6.39,3.6,1.666666667,110.3,,,,,,
TC16,2/28/22,Thames at Runnymede,28,2,22,11:20,9.7,95,161,5.3,2.47,26.67128012,7.22,5.66,0,6.1,61.78,829.9887081,1202.503325,3359.166897,143.7775715,405.1913378,5940.62784
TC16,3/7/22,Thames at Runnymede,7,3,22,14:00,7.9,99,187,5.34,2.05,27.81300355,7.13,6.15,7.9,3.466666667,72.67,614.3223509,1032.584377,3006.258313,124.171539,339.8378962,5117.174476
TC16,3/14/22,Thames at Runnymede,14,3,22,11:20,9.7,105,189,5.46,2.69,32.97387078,8.88,4.01,8.3,6.966666667,65.28,620.857695,1058.725754,4247.973703,78.4241299,320.2318638,6326.213145
TC16,44641,Thames at Runnymede,21,3,22,11:40,9.7,90,210,4.93,4.42,30.09839202,8.4,4.98,5.5,8.833333333,84.22,895.3421497,2006.350657,5332.840833,307.1611754,745.029234,9286.724049
TC16,3/28/22,Thames at Runnymede,28,3,22,11:30,10.7,92,140,4.73,3.71,33.13861665,9.35,3.37,4.2,4.933333333,49.15,496.686156,1607.694663,7123.525132,150.3129156,509.7568443,9887.975711
TC16,4/4/22,Thames at Runnymede,4,4,22,11:30,8.9,90,154,3.11,2.8,33.15799115,9.1,3.14,0,4.3,46.95,535.898221,1117.543851,7215.019951,182.9896364,385.5853053,9437.036964
TC16,4/11/22,Thames at Runnymede,11,4,22,0.46875,10.8,72,138,3.59,8.36,31.90002458,9.1,3.66,6.7,8,34.29,2686.026449,1784.148955,6907.858775,457.4740911,633.9283833,12469.43665
TC16,4/19/22,Thames at Runnymede,19,4,22,,,3,136,1.82,87.7,31.24045495,8.85,2.91,3.4,7.8,32.88,37101.14879,20828.14183,15070.50363,4502.852125,1686.118793,79188.76516
TC16,4/25/22,Thames at Runnymede,25,4,22,0.517361111,13.9,7,146,0.51,228.66,27.94048729,0.57,0.62,7.1,9.233333333,31.26,100670.4414,14233.97958,6613.768288,1111.008507,1954.067903,124583.2657
TC16,5/3/22,Thames at Runnymede,3,5,22,,13.5,22,65,0.38,436.73,30.78604779,9.29,2.6,1.1,0.6,27.98,124374.1347,14645.70626,8652.795665,562.0395976,1195.967981,149430.6442
TC16,5/9/22,Thames at Runnymede,9,5,22,11:30,16.4,2,170,1.25,467.58,28.24376333,7.93,5.01,7.5,7.566666667,25.09,99624.78635,34160.24391,9188.693886,1679.583449,1333.210208,145986.5178
TC16,5/16/22,Thames at Runnymede,16,5,22,12:00,17.5,2,180,2.98,215.36,28.88828847,8.11,7.22,4.1,5.166666667,26.93,46289.84267,79201.83585,27624.89976,4385.21593,1150.220572,158652.0148
TC16,5/23/22,Thames at Runnymede,23,5,22,11:30,17.9,6,212,2.69,239.56,28.29219818,8.09,2.88,2.5,6.666666667,24.43,78685.54366,16841.5819,15312.31136,2535.713533,954.1602471,114329.3107
TC16,5/30/22,Thames at Runnymede,30,5,22,11:55,16.2,126,229,5.39,39.81,36.66370242,9.89,4.68,2.7,6.933333333,18.68,11214.65058,22631.89682,45917.32806,3659.792729,2241.623046,85665.29123
TC16,6/6/22,Thames at Runnymede,6,6,22,12:30,17.5,172,417,5.98,10.7,35.65649318,9.77,2.79,0.6,1.766666667,29.65,1065.261098,24036.99581,153554.4463,2097.845475,5966.769216,186721.3179
TC16,6/13/22,Thames at Runnymede,13,6,22,11:25,18.4,194,223,5.79,7.47,33.30344652,9.27,2.93,8,10.9,17.66,156.8482598,13985.6365,237638.1843,1731.866202,6613.768288,260126.3035
TC16,6/20/22,Thames at Runnymede,20,6,22,11:40,19.9,192,255,5.91,12.31,33.31512182,9.33,2.75,12.5,5.166666667,17.26,117.6361948,12443.29528,82567.53809,4261.044391,7770.524204,107160.0382
TC16,6/27/22,Thames at Runnymede,27,6,22,12:20,19.1,181,258,5.92,6.76,32.80443565,8.99,3.34,5.8,10.4,13.52,58.81809742,4084.590099,87286.05658,65.35344158,58.81809742,91553.63631
TC16,7/4/22,Thames at Runnymede,4,7,22,11:15,19.3,181,389,5.73,2.75,35.66322256,9.59,3.27,9.1,6.6,14.34,26.14137663,4960.326216,139934.7891,1209.038669,23350.78468,169481.0801
TC16,7/11/22,Thames at Runnymede,11,7,22,12:45,23.3,148,223,5.62,9.06,34.77174542,9.4,3.25,12.2,12.43333333,11.38,254.8784222,10998.98422,339354.2808,1150.220572,50655.45257,402413.8165
TC16,7/18/22,Thames at Runnymede,18,7,22,11:30,26.9,161,370,5.39,4.98,34.73646314,9.39,3.25,12.4,12.66666667,9.841,91.49481821,4457.104716,216084.6192,1490.058468,55021.06247,277144.3397
TC16,7/25/22,Thames at Runnymede,25,7,22,13:30,25.5,113,182,6.63,6.45,32.63600943,9.11,4.18,1.5,4.966666667,10.25,,,,,,
TC16,8/1/22,Thames at Runnymede,1,8,22,12:50,22.5,155,265,6.36,7.32,34.25741547,9.41,4.14,7.6,3.566666667,10.1,437.8680586,5012.608969,162109.2118,2182.804949,52387.31877,222129.8126
TC16,8/8/22,Thames at Runnymede,8,8,22,0.46875,22.1,117,346,6.61,7.78,35.00480377,10.13,4.32,12.2,13.4,8.978,254.8784222,2274.299767,252140.113,346.3732404,27115.14291,282130.8073
TC16,8/15/22,Thames at Runnymede,15,8,22,9:36,23.6,168,313,6.43,5.54,34.06681473,9.37,3.72,6,9.3,8.571,,,,,,
TC16,8/22/22,Thames at Runnymede,22,8,22,11:20,21.3,180,261,6.81,7.41,35.51599356,9.81,3.89,3.1,6.333333333,10.09,130.7068832,1633.83604,217359.0114,653.5344158,31258.55111,251035.6398
TC16,8/30/22,Thames at Runnymede,30,8,22,11:25,20.4,215,388,6.94,6.97,32.6401043,9.08,4.32,8,7.166666667,10.32,91.49481821,1058.725754,117642.7302,385.5853053,5051.821034,124230.3571
TC16,9/5/22,Thames at Runnymede,5,9,22,11:40,20.3,170,374,7.13,5.56,35.48721953,9.52,4.04,4.5,2.9,13.44,196.0603247,829.9887081,131543.4072,398.6559936,3705.540138,136673.6524
TC16,9/12/22,Thames at Runnymede,12,9,22,0.46875,19.2,166,361,6.92,7.18,36.26644823,9.25,4.33,3.7,4.133333333,14.81,228.7370455,1039.119721,49629.40354,483.6154677,3110.823819,54491.69959
TC16,9/19/22,Thames at Runnymede,19,9,22,-999,-999,-999,-999,-999,-999,,,,1.3,5.866666667,11.48,,,,,,
TC16,44830,Thames at Runnymede,26,9,22,0.520833333,16.5,210,263,6.99,2.39,36.12466382,10.17,4.3,4.7,5.266666667,11.67,143.7775715,640.4637275,51753.39039,379.0499612,1457.381747,54374.0634