DATETIME,Sunshine hours,3d average
1/1/18,1.2,
1/2/18,0,
1/3/18,2.9,1.366666667
1/4/18,0.6,1.166666667
1/5/18,3.8,2.433333333
1/6/18,1.6,2
1/7/18,6.1,3.833333333
1/8/18,0,2.566666667
1/9/18,0,2.033333333
1/10/18,2.3,0.766666667
1/11/18,0,0.766666667
1/12/18,0,0.766666667
1/15/18,1.5,0.5
1/16/18,4.1,1.866666667
1/17/18,4,3.2
1/18/18,4.9,4.333333333
1/19/18,5.7,4.866666667
1/20/18,0,3.533333333
1/21/18,0,1.9
1/22/18,1.8,0.6
1/23/18,1.4,1.066666667
1/24/18,0,1.066666667
1/25/18,5.8,2.4
1/26/18,2.5,2.766666667
1/27/18,0,2.766666667
1/28/18,0,0.833333333
1/29/18,0.9,0.3
1/30/18,5.5,2.133333333
1/31/18,3.7,3.366666667
2/1/18,5.4,4.866666667
2/2/18,2.6,3.9
2/3/18,0,2.666666667
2/4/18,2.8,1.8
2/5/18,5.8,2.866666667
2/6/18,2.8,3.8
2/7/18,7.6,5.4
2/8/18,0.4,3.6
2/9/18,3.3,3.766666667
2/10/18,1.3,1.666666667
2/11/18,6.9,3.833333333
2/12/18,7.3,5.166666667
2/13/18,0,4.733333333
2/14/18,0,2.433333333
2/15/18,6.3,2.1
2/16/18,8.1,4.8
2/17/18,4,6.133333333
2/18/18,2.2,4.766666667
2/19/18,0,2.066666667
2/20/18,3.9,2.033333333
2/21/18,0.2,1.366666667
2/22/18,2.7,2.266666667
2/23/18,6.6,3.166666667
2/24/18,8.7,6
2/25/18,7.4,7.566666667
2/26/18,5.2,7.1
2/27/18,5.3,5.966666667
2/28/18,4.1,4.866666667
3/1/18,0,3.133333333
3/2/18,0,1.366666667
3/3/18,1.3,0.433333333
3/4/18,0.9,0.733333333
3/5/18,1.3,1.166666667
3/6/18,2.6,1.6
3/7/18,6.9,3.6
3/8/18,7.2,5.566666667
3/9/18,0.1,4.733333333
3/10/18,0.2,2.5
3/11/18,1.8,0.7
3/12/18,0,0.666666667
3/13/18,2.6,1.466666667
3/14/18,1.9,1.5
3/15/18,3.4,2.633333333
3/16/18,5.6,3.633333333
3/17/18,0,3
3/18/18,0,1.866666667
3/19/18,7.4,2.466666667
3/20/18,4.1,3.833333333
3/21/18,8.2,6.566666667
3/22/18,2.2,4.833333333
3/23/18,1.6,4
3/24/18,0,1.266666667
3/25/18,0.1,0.566666667
3/26/18,5.8,1.966666667
3/27/18,1.3,2.4
3/28/18,1.9,3
3/29/18,0.1,1.1
3/30/18,0,0.666666667
3/31/18,0.9,0.333333333
4/1/18,3,1.3
4/2/18,0,1.3
4/3/18,1.3,1.433333333
4/4/18,0.8,0.7
4/5/18,8.9,3.666666667
4/6/18,7,5.566666667
4/7/18,0.6,5.5
4/8/18,0,2.533333333
4/9/18,0,0.2
4/10/18,0,0
4/11/18,0,0
4/12/18,0,0
4/13/18,0.3,0.1
4/14/18,8.9,3.066666667
4/15/18,1,3.4
4/16/18,5.7,5.2
4/17/18,4.8,3.833333333
4/18/18,9.6,6.7
4/19/18,12.1,8.833333333
4/20/18,11.8,11.16666667
4/21/18,6.5,10.13333333
4/22/18,8.9,9.066666667
4/23/18,3.3,6.233333333
4/24/18,0,4.066666667
4/25/18,10.2,4.5
4/26/18,10.1,6.766666667
4/27/18,0,6.766666667
4/28/18,0,3.366666667
4/29/18,0,0
4/30/18,0.5,0.166666667
5/1/18,10.1,3.533333333
5/2/18,4.8,5.133333333
5/3/18,8.5,7.8
5/4/18,6.3,6.533333333
5/5/18,12.5,9.1
5/6/18,12.4,10.4
5/7/18,12.1,12.33333333
5/8/18,11.3,11.93333333
5/9/18,8,10.46666667
5/10/18,10.3,9.866666667
5/11/18,4.8,7.7
5/12/18,1.2,5.433333333
5/13/18,11.1,5.7
5/14/18,12.9,8.4
5/15/18,12.5,12.16666667
5/16/18,0,8.466666667
5/17/18,13.1,8.533333333
5/18/18,11,8.033333333
5/19/18,12.4,12.16666667
5/20/18,12.1,11.83333333
5/21/18,8.8,11.1
5/22/18,11.7,10.86666667
5/23/18,8.5,9.666666667
5/24/18,0.2,6.8
5/25/18,0,2.9
5/26/18,8,2.733333333
5/27/18,5.9,4.633333333
5/28/18,4.3,6.066666667
5/29/18,0,3.4
5/30/18,0,1.433333333
5/31/18,1.3,0.433333333
6/1/18,3,1.433333333
6/2/18,8.2,4.166666667
6/3/18,11.1,7.433333333
6/4/18,0.1,6.466666667
6/5/18,5.2,5.466666667
6/6/18,10.8,5.366666667
6/7/18,0.6,5.533333333
6/8/18,1.5,4.3
6/9/18,3.4,1.833333333
6/10/18,8.2,4.366666667
6/11/18,12.8,8.133333333
6/12/18,2.4,7.8
6/13/18,6.8,7.333333333
6/14/18,8.1,5.766666667
6/15/18,9.1,8
6/16/18,2.3,6.5
6/17/18,0.9,4.1
6/18/18,8.4,3.866666667
6/19/18,5.6,4.966666667
6/20/18,5.3,6.433333333
6/21/18,13.5,8.133333333
6/22/18,13.8,10.86666667
6/23/18,8.7,12
6/24/18,13,11.83333333
6/25/18,15,12.23333333
6/26/18,14.3,14.1
6/27/18,11.6,13.63333333
6/28/18,7.9,11.26666667
6/29/18,13.9,11.13333333
6/30/18,12.4,11.4
7/1/18,11.4,12.56666667
7/2/18,14.7,12.83333333
7/3/18,14.8,13.63333333
7/4/18,7,12.16666667
7/5/18,12.1,11.3
7/6/18,13,10.7
7/7/18,14.3,13.13333333
7/8/18,14.2,13.83333333
7/9/18,12.6,13.7
7/10/18,10.5,12.43333333
7/11/18,12.6,11.9
7/12/18,10,11.03333333
7/13/18,4,8.866666667
7/14/18,11.6,8.533333333
7/15/18,13.5,9.7
7/16/18,7.3,10.8
7/17/18,3.9,8.233333333
7/18/18,4.3,5.166666667
7/19/18,9.7,5.966666667
7/20/18,4.3,6.1
7/21/18,6.6,6.866666667
7/22/18,5.1,5.333333333
7/23/18,13.5,8.4
7/24/18,11.9,10.16666667
7/25/18,11.1,12.16666667
7/26/18,10.7,11.23333333
7/27/18,4.7,8.833333333
7/28/18,7.2,7.533333333
7/29/18,0,3.966666667
7/30/18,3.4,3.533333333
7/31/18,12.1,5.166666667
8/1/18,12.3,9.266666667
8/2/18,13.2,12.53333333
8/3/18,11.6,12.36666667
8/4/18,10,11.6
8/5/18,12.5,11.36666667
8/6/18,12.5,11.66666667
8/7/18,0,8.333333333
8/8/18,4.4,5.633333333
8/9/18,0.7,1.7
8/10/18,6.7,3.933333333
8/11/18,4.6,4
8/12/18,0,3.766666667
8/13/18,5.1,3.233333333
8/14/18,6.4,3.833333333
8/15/18,2,4.5
8/16/18,5.9,4.766666667
8/17/18,7.5,5.133333333
8/18/18,0.5,4.633333333
8/19/18,6.5,4.833333333
8/20/18,3,3.333333333
8/21/18,7.9,5.8
8/22/18,0.5,3.8
8/23/18,5.4,4.6
8/24/18,6.6,4.166666667
8/25/18,4.2,5.4
8/26/18,0,3.6
8/27/18,3.6,2.6
8/28/18,2.4,2
8/29/18,4,3.333333333
8/30/18,6.2,4.2
8/31/18,6.8,5.666666667
9/1/18,9.5,7.5
9/2/18,6.4,7.566666667
9/3/18,4.9,6.933333333
9/4/18,5.3,5.533333333
9/5/18,6.4,5.533333333
9/6/18,4.3,5.333333333
9/7/18,9.1,6.6
9/8/18,1.8,5.066666667
9/9/18,6.2,5.7
9/10/18,6.9,4.966666667
9/11/18,0.2,4.433333333
9/12/18,0.3,2.466666667
9/13/18,7.4,2.633333333
9/14/18,3.5,3.733333333
9/15/18,5,5.3
9/16/18,6.2,4.9
9/17/18,6,5.733333333
9/18/18,3,5.066666667
9/19/18,4.8,4.6
9/20/18,0.2,2.666666667
9/21/18,10,5
9/22/18,0,3.4
9/23/18,4.2,4.733333333
9/24/18,9.2,4.466666667
9/25/18,9.2,7.533333333
9/26/18,9.4,9.266666667
9/27/18,9.1,9.233333333
9/28/18,8.6,9.033333333
9/29/18,8.2,8.633333333
9/30/18,1.9,6.233333333
10/1/18,7.6,5.9
10/2/18,2.2,3.9
10/3/18,2,3.933333333
10/4/18,5.4,3.2
10/5/18,2.3,3.233333333
10/6/18,0,2.566666667
10/7/18,4.6,2.3
10/8/18,2.2,2.266666667
10/9/18,8.8,5.2
10/10/18,7.8,6.266666667
10/11/18,3.4,6.666666667
10/12/18,1.1,4.1
10/13/18,5.4,3.3
10/14/18,0,2.166666667
10/15/18,0,1.8
10/16/18,0.1,0.033333333
10/17/18,0,0.033333333
10/18/18,4.5,1.533333333
10/19/18,5.7,3.4
10/20/18,6.3,5.5
10/21/18,7.1,6.366666667
10/22/18,7,6.8
10/23/18,1.9,5.333333333
10/24/18,4.4,4.433333333
10/25/18,0.7,2.333333333
10/26/18,6.1,3.733333333
10/27/18,3.4,3.4
10/28/18,3.8,4.433333333
10/29/18,7.1,4.766666667
10/30/18,0.1,3.666666667
10/31/18,6,4.4
11/1/18,0,2.033333333
11/2/18,6.7,4.233333333
11/3/18,5.4,4.033333333
11/4/18,0,4.033333333
11/5/18,3.4,2.933333333
11/6/18,1.5,1.633333333
11/7/18,0.6,1.833333333
11/8/18,4,2.033333333
11/9/18,1.1,1.9
11/10/18,3.3,2.8
11/11/18,4.4,2.933333333
11/12/18,5.8,4.5
11/13/18,5.7,5.3
11/14/18,5.8,5.766666667
11/15/18,1.2,4.233333333
11/16/18,0,2.333333333
11/17/18,5.5,2.233333333
11/18/18,6.3,3.933333333
11/19/18,2,4.6
11/20/18,0,2.766666667
11/21/18,4.7,2.233333333
11/22/18,5.9,3.533333333
11/23/18,0,3.533333333
11/24/18,0,1.966666667
11/25/18,0,0
11/26/18,0.4,0.133333333
11/27/18,0,0.133333333
11/28/18,0,0.133333333
11/29/18,2.8,0.933333333
11/30/18,5.5,2.766666667
12/1/18,0.7,3
12/2/18,0.9,2.366666667
12/3/18,1.9,1.166666667
12/4/18,0.8,1.2
12/5/18,0,0.9
12/6/18,0,0.266666667
12/7/18,2.1,0.7
12/8/18,3,1.7
12/9/18,3,2.7
12/10/18,0.1,2.033333333
12/11/18,3.2,2.1
12/12/18,0.1,1.133333333
12/13/18,4.9,2.733333333
12/14/18,0.3,1.766666667
12/15/18,0,1.733333333
12/16/18,0,0.1
12/17/18,1.7,0.566666667
12/18/18,0,0.566666667
12/19/18,2.5,1.4
12/20/18,4,2.166666667
12/21/18,0,2.166666667
12/22/18,4,2.666666667
12/23/18,0,1.333333333
12/24/18,2.5,2.166666667
12/25/18,0,0.833333333
12/26/18,0,0.833333333
12/27/18,2,0.666666667
12/28/18,1.2,1.066666667
12/29/18,0,1.066666667
12/30/18,0,0.4
12/31/18,0,0
1/1/19,1,0.333333333
1/2/19,0,0.333333333
1/3/19,0,0.333333333
1/4/19,0,0
1/5/19,0,0
1/6/19,0,0
1/7/19,0,0
1/8/19,5,1.666666667
1/9/19,4,3
1/10/19,0,3
1/11/19,0.9,1.633333333
1/12/19,0,0.3
1/13/19,0.2,0.366666667
1/14/19,2.2,0.8
1/15/19,0,0.8
1/16/19,0,0.733333333
1/17/19,6.2,2.066666667
1/18/19,0,2.066666667
1/19/19,0,2.066666667
1/20/19,5,1.666666667
1/21/19,0,1.666666667
1/22/19,3,2.666666667
1/23/19,5.1,2.7
1/24/19,0,2.7
1/25/19,0.7,1.933333333
1/26/19,0.3,0.333333333
1/27/19,3,1.333333333
1/28/19,7,3.433333333
1/29/19,0,3.333333333
1/30/19,6,4.333333333
1/31/19,1.5,2.5
2/1/19,0.1,2.533333333
2/2/19,6.4,2.666666667
2/3/19,4.6,3.7
2/4/19,1,4
2/5/19,0,1.866666667
2/6/19,0.7,0.566666667
2/7/19,7.1,2.6
2/8/19,0,2.6
2/9/19,2.5,3.2
2/10/19,2.5,1.666666667
2/11/19,2.2,2.4
2/12/19,2.1,2.266666667
2/13/19,2.8,2.366666667
2/14/19,5.4,3.433333333
2/15/19,7.8,5.333333333
2/16/19,0,4.4
2/17/19,5.5,4.433333333
2/18/19,0,1.833333333
2/19/19,7.1,4.2
2/20/19,1.1,2.733333333
2/21/19,5.5,4.566666667
2/22/19,3.9,3.5
2/23/19,7.1,5.5
2/24/19,7.2,6.066666667
2/25/19,7.7,7.333333333
2/26/19,7.8,7.566666667
2/27/19,8.4,7.966666667
2/28/19,1.4,5.866666667
3/1/19,0.1,3.3
3/2/19,2.5,1.333333333
3/3/19,0.1,0.9
3/4/19,3.5,2.033333333
3/5/19,4.6,2.733333333
3/6/19,0.5,2.866666667
3/7/19,3.8,2.966666667
3/8/19,0.3,1.533333333
3/9/19,3.9,2.666666667
3/10/19,7.5,3.9
3/11/19,8,6.466666667
3/12/19,1.8,5.766666667
3/13/19,4.2,4.666666667
3/14/19,4.9,3.633333333
3/15/19,1.8,3.633333333
3/16/19,0.7,2.466666667
3/17/19,8,3.5
3/18/19,2.2,3.633333333
3/19/19,0.5,3.566666667
3/20/19,0,0.9
3/21/19,0,0.166666667
3/22/19,0,0
3/23/19,2.6,0.866666667
3/24/19,9.4,4
3/25/19,10.4,7.466666667
3/26/19,8,9.266666667
3/27/19,3.8,7.4
3/28/19,6.1,5.966666667
3/29/19,8.5,6.133333333
3/30/19,6.7,7.1
3/31/19,1.2,5.466666667
4/1/19,9.2,5.7
4/2/19,3.1,4.5
4/3/19,4.9,5.733333333
4/4/19,0.2,2.733333333
4/5/19,1.2,2.1
4/6/19,2.3,1.233333333
4/7/19,0,1.166666667
4/8/19,0,0.766666667
4/9/19,0,0
4/10/19,10.5,3.5
4/11/19,10.3,6.933333333
4/12/19,4,8.266666667
4/13/19,7,7.1
4/14/19,4.7,5.233333333
4/15/19,8.1,6.6
4/16/19,0,4.266666667
4/17/19,6.5,4.866666667
4/18/19,3.3,3.266666667
4/19/19,10.7,6.833333333
4/20/19,11.2,8.4
4/21/19,11.1,11
4/22/19,8,10.1
4/23/19,2,7.033333333
4/24/19,1.8,3.933333333
4/25/19,8.6,4.133333333
4/26/19,5.2,5.2
4/27/19,3.3,5.7
4/28/19,3.6,4.033333333
4/29/19,6.5,4.466666667
4/30/19,10.8,6.966666667
5/1/19,2.6,6.633333333
5/2/19,5,6.133333333
5/3/19,1.4,3
5/4/19,10.4,5.6
5/5/19,1.9,4.566666667
5/6/19,0.6,4.3
5/7/19,4.6,2.366666667
5/8/19,1.1,2.1
5/9/19,0.6,2.1
5/10/19,7.1,2.933333333
5/11/19,8,5.233333333
5/12/19,8.9,8
5/13/19,11.7,9.533333333
5/14/19,13.3,11.3
5/15/19,10.9,11.96666667
5/16/19,10.1,11.43333333
5/17/19,0,7
5/18/19,1.9,4
5/19/19,0.8,0.9
5/20/19,6.5,3.066666667
5/21/19,12.3,6.533333333
5/22/19,10.1,9.633333333
5/23/19,10.6,11
5/24/19,6.4,9.033333333
5/25/19,6.4,7.8
5/26/19,3.5,5.433333333
5/27/19,0.9,3.6
5/28/19,5.9,3.433333333
5/29/19,0,2.266666667
5/30/19,5.5,3.8
5/31/19,3.1,2.866666667
6/1/19,10.8,6.466666667
6/2/19,2.7,5.533333333
6/3/19,5.9,6.466666667
6/4/19,3,3.866666667
6/5/19,4.9,4.6
6/6/19,12.3,6.733333333
6/7/19,1.9,6.366666667
6/8/19,9.5,7.9
6/9/19,7.7,6.366666667
6/10/19,0,5.733333333
6/11/19,0,2.566666667
6/12/19,0.2,0.066666667
6/13/19,0,0.066666667
6/14/19,7.3,2.5
6/15/19,5.2,4.166666667
6/16/19,6.8,6.433333333
6/17/19,4.7,5.566666667
6/18/19,0.4,3.966666667
6/19/19,0,1.7
6/20/19,6.8,2.4
6/21/19,7.8,4.866666667
6/22/19,11.5,8.7
6/23/19,1.1,6.8
6/24/19,7.3,6.633333333
6/25/19,0,2.8
6/26/19,4,3.766666667
6/27/19,13,5.666666667
6/28/19,11.7,9.566666667
6/29/19,12.5,12.4
6/30/19,10.4,11.53333333
7/1/19,8.1,10.33333333
7/2/19,10.3,9.6
7/3/19,13.3,10.56666667
7/4/19,13.5,12.36666667
7/5/19,10.1,12.3
7/6/19,4.5,9.366666667
7/7/19,4.7,6.433333333
7/8/19,5.2,4.8
7/9/19,1.8,3.9
7/10/19,5.1,4.033333333
7/11/19,7.2,4.7
7/12/19,13.4,8.566666667
7/13/19,6.7,9.1
7/14/19,3.7,7.933333333
7/15/19,8.3,6.233333333
7/16/19,12.3,8.1
7/17/19,4.5,8.366666667
7/18/19,5.7,7.5
7/19/19,0.2,3.466666667
7/20/19,6.8,4.233333333
7/21/19,3.2,3.4
7/22/19,6.9,5.633333333
7/23/19,12,7.366666667
7/24/19,10.5,9.8
7/25/19,9.6,10.7
7/26/19,0.5,6.866666667
7/27/19,0,3.366666667
7/28/19,3.5,1.333333333
7/29/19,12,5.166666667
7/30/19,1.6,5.7
7/31/19,4.1,5.9
8/1/19,2.9,2.866666667
8/2/19,8,5
8/3/19,0.4,3.766666667
8/4/19,0.8,3.066666667
8/5/19,7.1,2.766666667
8/6/19,3.5,3.8
8/7/19,4.6,5.066666667
8/8/19,4.9,4.333333333
8/9/19,5,4.833333333
8/10/19,5.2,5.033333333
8/11/19,8.5,6.233333333
8/12/19,2.3,5.333333333
8/13/19,10,6.933333333
8/14/19,0.1,4.133333333
8/15/19,9,6.366666667
8/16/19,0,3.033333333
8/17/19,9.1,6.033333333
8/18/19,6,5.033333333
8/19/19,10.5,8.533333333
8/20/19,10.2,8.9
8/21/19,8.9,9.866666667
8/22/19,7.5,8.866666667
8/23/19,11.7,9.366666667
8/24/19,10.3,9.833333333
8/25/19,10.7,10.9
8/26/19,10.8,10.6
8/27/19,8.2,9.9
8/28/19,5.2,8.066666667
8/29/19,7.8,7.066666667
8/30/19,10.1,7.7
8/31/19,6.1,8
9/1/19,10,8.733333333
9/2/19,5.5,7.2
9/3/19,3.7,6.4
9/4/19,7.6,5.6
9/5/19,7.4,6.233333333
9/6/19,0.7,5.233333333
9/7/19,3.3,3.8
9/8/19,8.8,4.266666667
9/9/19,0,4.033333333
9/10/19,0.9,3.233333333
9/11/19,2.6,1.166666667
9/12/19,2.6,2.033333333
9/13/19,10.8,5.333333333
9/14/19,8.8,7.4
9/15/19,8.5,9.366666667
9/16/19,0.2,5.833333333
9/17/19,9.4,6.033333333
9/18/19,9.5,6.366666667
9/19/19,9.4,9.433333333
9/20/19,9.5,9.466666667
9/21/19,9.9,9.6
9/22/19,0.8,6.733333333
9/23/19,4.5,5.066666667
9/24/19,3.6,2.966666667
9/25/19,3,3.7
9/26/19,3.8,3.466666667
9/27/19,3.9,3.566666667
9/28/19,2.3,3.333333333
9/29/19,1.3,2.5
9/30/19,0.3,1.3
10/1/19,2.1,1.233333333
10/2/19,8,3.466666667
10/3/19,1.4,3.833333333
10/4/19,0.8,3.4
10/5/19,0.6,0.933333333
10/6/19,6.6,2.666666667
10/7/19,0.4,2.533333333
10/8/19,2.3,3.1
10/9/19,3.6,2.1
10/10/19,2.4,2.766666667
10/11/19,0,2
10/12/19,0,0.8
10/13/19,1.2,0.4
10/14/19,0,0.4
10/15/19,3.9,1.7
10/16/19,4,2.633333333
10/17/19,4.9,4.266666667
10/18/19,7.2,5.366666667
10/19/19,7.3,6.466666667
10/20/19,0.4,4.966666667
10/21/19,0,2.566666667
10/22/19,6.9,2.433333333
10/23/19,0.2,2.366666667
10/24/19,0.3,2.466666667
10/25/19,0,0.166666667
10/26/19,0.1,0.133333333
10/27/19,6.1,2.066666667
10/28/19,0.9,2.366666667
10/29/19,0.7,2.566666667
10/30/19,4.9,2.166666667
10/31/19,2.3,2.633333333
11/1/19,0,2.4
11/2/19,1.6,1.3
11/3/19,1.1,0.9
11/4/19,1.6,1.433333333
11/5/19,0,0.9
11/6/19,0.7,0.766666667
11/7/19,7.2,2.633333333
11/8/19,0.2,2.7
11/9/19,0.3,2.566666667
11/10/19,5.5,2
11/11/19,4,3.266666667
11/12/19,2.9,4.133333333
11/13/19,3.1,3.333333333
11/14/19,0,2
11/15/19,0,1.033333333
11/16/19,0.4,0.133333333
11/17/19,0,0.133333333
11/18/19,6.4,2.266666667
11/19/19,0,2.133333333
11/20/19,0,2.133333333
11/21/19,0,0
11/22/19,0.1,0.033333333
11/23/19,0,0.033333333
11/24/19,0,0.033333333
11/25/19,0,0
11/26/19,0.3,0.1
11/27/19,1.1,0.466666667
11/28/19,0,0.466666667
11/29/19,5.6,2.233333333
11/30/19,4.2,3.266666667
12/1/19,1.3,3.7
12/2/19,4.8,3.433333333
12/3/19,1.5,2.533333333
12/4/19,3.1,3.133333333
12/5/19,0.4,1.666666667
12/6/19,0.1,1.2
12/7/19,0.2,0.233333333
12/8/19,5.4,1.9
12/9/19,3.4,3
12/10/19,0.3,3.033333333
12/11/19,2.9,2.2
12/12/19,0,1.066666667
12/13/19,2.1,1.666666667
12/14/19,4.8,2.3
12/15/19,4,3.633333333
12/16/19,0,2.933333333
12/17/19,0,1.333333333
12/18/19,1.5,0.5
12/19/19,0.1,0.533333333
12/20/19,0.3,0.633333333
12/21/19,2.4,0.933333333
12/22/19,2.9,1.866666667
12/23/19,4.2,3.166666667
12/24/19,2.1,3.066666667
12/25/19,4.3,3.533333333
12/26/19,0,2.133333333
12/27/19,0,1.433333333
12/28/19,0,0
12/29/19,0.6,0.2
12/30/19,4.8,1.8
12/31/19,0,1.8
1/1/20,1.4,2.066666667
1/2/20,0,0.466666667
1/3/20,3.1,1.5
1/4/20,1.5,1.533333333
1/5/20,0.1,1.566666667
1/6/20,0,0.533333333
1/7/20,0.5,0.2
1/8/20,0,0.166666667
1/9/20,1.9,0.8
1/10/20,3.6,1.833333333
1/11/20,0.7,2.066666667
1/12/20,4.2,2.833333333
1/13/20,0.5,1.8
1/14/20,0,1.566666667
1/15/20,2.3,0.933333333
1/16/20,0.6,0.966666667
1/17/20,1.6,1.5
1/18/20,5.3,2.5
1/19/20,5.2,4.033333333
1/20/20,4.9,5.133333333
1/21/20,3.8,4.633333333
1/22/20,0,2.9
1/23/20,0,1.266666667
1/24/20,0,0
1/25/20,0,0
1/26/20,0,0
1/27/20,0.5,0.166666667
1/28/20,5.2,1.9
1/29/20,6.3,4
1/30/20,0,3.833333333
1/31/20,0.2,2.166666667
2/1/20,6.9,2.366666667
2/2/20,0.1,2.4
2/3/20,0.3,2.433333333
2/4/20,1.3,0.566666667
2/5/20,2.2,1.266666667
2/6/20,6.9,3.466666667
2/7/20,5.9,5
2/8/20,3.6,5.466666667
2/9/20,0,3.166666667
2/10/20,3,2.2
2/11/20,7.9,3.633333333
2/12/20,5.1,5.333333333
2/13/20,3.25,5.416666667
2/14/20,2.5,3.616666667
2/15/20,0,1.916666667
2/16/20,0,0.833333333
2/17/20,4.9,1.633333333
2/18/20,2.2,2.366666667
2/19/20,0,2.366666667
2/20/20,1.1,1.1
2/21/20,0,0.366666667
2/22/20,1.9,1
2/23/20,2,1.3
2/24/20,0,1.3
2/25/20,2.2,1.4
2/26/20,5.9,2.7
2/27/20,5.5,4.533333333
2/28/20,0,3.8
2/29/20,5.6,3.7
3/1/20,8.3,4.633333333
3/2/20,7.3,7.066666667
3/3/20,4.2,6.6
3/4/20,1,4.166666667
3/5/20,0,1.733333333
3/6/20,7.8,2.933333333
3/7/20,1.7,3.166666667
3/8/20,5.7,5.066666667
3/9/20,2,3.133333333
3/10/20,0.3,2.666666667
3/11/20,5.5,2.6
3/12/20,6.8,4.2
3/13/20,5.3,5.866666667
3/14/20,3.1,5.066666667
3/15/20,0.1,2.833333333
3/16/20,9.3,4.166666667
3/17/20,0.8,3.4
3/18/20,0.1,3.4
3/19/20,0,0.3
3/20/20,2.3,0.8
3/21/20,8.7,3.666666667
3/22/20,9,6.666666667
3/23/20,11.7,9.8
3/24/20,11.6,10.76666667
3/25/20,11.5,11.6
3/26/20,10.4,11.16666667
3/27/20,11.4,11.1
3/28/20,4.8,8.866666667
3/29/20,8.4,8.2
3/30/20,4.3,5.833333333
3/31/20,6.7,6.466666667
4/1/20,1.2,4.066666667
4/2/20,2.8,3.566666667
4/3/20,5.3,3.1
4/4/20,10.7,6.266666667
4/5/20,9.6,8.533333333
4/6/20,10,10.1
4/7/20,8.2,9.266666667
4/8/20,9.8,9.333333333
4/9/20,10.8,9.6
4/10/20,10.3,10.3
4/11/20,11.6,10.9
4/12/20,8.5,10.13333333
4/13/20,11.5,10.53333333
4/14/20,13,11
4/15/20,13,12.5
4/16/20,5.4,10.46666667
4/17/20,0.6,6.333333333
4/18/20,2.2,2.733333333
4/19/20,13.4,5.4
4/20/20,13.4,9.666666667
4/21/20,13.3,13.36666667
4/22/20,10.9,12.53333333
4/23/20,10.8,11.66666667
4/24/20,9.8,10.5
4/25/20,13.7,11.43333333
4/26/20,11,11.5
4/27/20,2.9,9.2
4/28/20,2.3,5.4
4/29/20,3.4,2.866666667
4/30/20,4.5,3.4
5/1/20,8.1,5.333333333
5/2/20,6.7,6.433333333
5/3/20,2.2,5.666666667
5/4/20,7.7,5.533333333
5/5/20,14.3,8.066666667
5/6/20,13.9,11.96666667
5/7/20,11.1,13.1
5/8/20,12.7,12.56666667
5/9/20,12.3,12.03333333
5/10/20,4.3,9.766666667
5/11/20,9.3,8.633333333
5/12/20,6,6.533333333
5/13/20,8.2,7.833333333
5/14/20,14.1,9.433333333
5/15/20,10.1,10.8
5/16/20,6.6,10.26666667
5/17/20,11.9,9.533333333
5/18/20,10.9,9.8
5/19/20,14.4,12.4
5/20/20,13.2,12.83333333
5/21/20,9.5,12.36666667
5/22/20,11.9,11.53333333
5/23/20,7.8,9.733333333
5/24/20,11,10.23333333
5/25/20,14,10.93333333
5/26/20,10.7,11.9
5/27/20,12.5,12.4
5/28/20,14.6,12.6
5/29/20,14.8,13.96666667
5/30/20,14.9,14.76666667
5/31/20,14.6,14.76666667
6/1/20,14,14.5
6/2/20,10.6,13.06666667
6/3/20,0,8.2
6/4/20,2.8,4.466666667
6/5/20,7.6,3.466666667
6/6/20,4,4.8
6/7/20,5,5.533333333
6/8/20,5.6,4.866666667
6/9/20,4.3,4.966666667
6/10/20,0.4,3.433333333
6/11/20,4.6,3.1
6/12/20,3.5,2.833333333
6/13/20,7.8,5.3
6/14/20,9.6,6.966666667
6/15/20,8.3,8.566666667
6/16/20,7.1,8.333333333
6/17/20,1.6,5.666666667
6/18/20,1.5,3.4
6/19/20,3.9,2.333333333
6/20/20,5.1,3.5
6/21/20,12.1,7.033333333
6/22/20,14.9,10.7
6/23/20,15,14
6/24/20,15,14.96666667
6/25/20,13,14.33333333
6/26/20,10.3,12.76666667
6/27/20,4.9,9.4
6/28/20,6.8,7.333333333
6/29/20,3.2,4.966666667
6/30/20,1.7,3.9
7/1/20,2.2,2.366666667
7/2/20,3.9,2.6
7/3/20,2.5,2.866666667
7/4/20,1.5,2.633333333
7/5/20,8.6,4.2
7/6/20,8.8,6.3
7/7/20,1.1,6.166666667
7/8/20,0.3,3.4
7/9/20,2.8,1.4
7/10/20,10,4.366666667
7/11/20,9.7,7.5
7/12/20,10.8,10.16666667
7/13/20,3.7,8.066666667
7/14/20,0.9,5.133333333
7/15/20,0.3,1.633333333
7/16/20,4.7,1.966666667
7/17/20,12.5,5.833333333
7/18/20,5.1,7.433333333
7/19/20,6.4,8
7/20/20,12.5,8
7/21/20,11.6,10.16666667
7/22/20,9.5,11.2
7/23/20,4.7,8.6
7/24/20,3.7,5.966666667
7/25/20,0.8,3.066666667
7/26/20,6,3.5
7/27/20,2.3,3.033333333
7/28/20,10.3,6.2
7/29/20,9.2,7.266666667
7/30/20,11.9,10.46666667
7/31/20,10.9,10.66666667
8/1/20,11.9,11.56666667
8/2/20,7.1,9.966666667
8/3/20,12.8,10.6
8/4/20,6.6,8.833333333
8/5/20,6.7,8.7
8/6/20,3.8,5.7
8/7/20,8.1,6.2
8/8/20,6.9,6.266666667
8/9/20,8.2,7.733333333
8/10/20,8.7,7.933333333
8/11/20,9.6,8.833333333
8/12/20,9.2,9.166666667
8/13/20,3.1,7.3
8/14/20,0,4.1
8/15/20,0,1.033333333
8/16/20,3.6,1.2
8/17/20,6,3.2
8/18/20,8,5.866666667
8/19/20,0,4.666666667
8/20/20,12.8,6.933333333
8/21/20,8.5,7.1
8/22/20,10.8,10.7
8/23/20,5.6,8.3
8/24/20,5.7,7.366666667
8/25/20,5.1,5.466666667
8/26/20,7.1,5.966666667
8/27/20,2.9,5.033333333
8/28/20,1.4,3.8
8/29/20,1.3,1.866666667
8/30/20,3.9,2.2
8/31/20,3.7,2.966666667
9/1/20,7.1,4.9
9/2/20,1.5,4.1
9/3/20,0.5,3.033333333
9/4/20,0.6,0.866666667
9/5/20,9.3,3.466666667
9/6/20,5.6,5.166666667
9/7/20,0.8,5.233333333
9/8/20,5.3,3.9
9/9/20,3.8,3.3
9/10/20,8.3,5.8
9/11/20,10.2,7.433333333
9/12/20,4.7,7.733333333
9/13/20,11.4,8.766666667
9/14/20,9.3,8.466666667
9/15/20,6.1,8.933333333
9/16/20,9.2,8.2
9/17/20,10.1,8.466666667
9/18/20,9.7,9.666666667
9/19/20,9.3,9.7
9/20/20,8.2,9.066666667
9/21/20,7.5,8.333333333
9/22/20,6.2,7.3
9/23/20,0,4.566666667
9/24/20,4.2,3.466666667
9/25/20,8,4.066666667
9/26/20,5.2,5.8
9/27/20,7.1,6.766666667
9/28/20,5.5,5.933333333
9/29/20,5.2,5.933333333
9/30/20,0,3.566666667
10/1/20,6.9,4.033333333
10/2/20,0.3,2.4
10/3/20,0,2.4
10/4/20,0,0.1
10/5/20,4.5,1.5
10/6/20,6.5,3.666666667
10/7/20,4.7,5.233333333
10/8/20,2.6,4.6
10/9/20,2.9,3.4
10/10/20,1.4,2.3
10/11/20,5.8,3.366666667
10/12/20,0.1,2.433333333
10/13/20,1.4,2.433333333
10/14/20,3,1.5
10/15/20,5.7,3.366666667
10/16/20,3.3,4
10/17/20,0.2,3.066666667
10/18/20,0,1.166666667
10/19/20,3.2,1.133333333
10/20/20,1.3,1.5
10/21/20,0,1.5
10/22/20,2.5,1.266666667
10/23/20,1.8,1.433333333
10/24/20,0,1.433333333
10/25/20,5.9,2.566666667
10/26/20,6.8,4.233333333
10/27/20,0.1,4.266666667
10/28/20,2.8,3.233333333
10/29/20,0,0.966666667
10/30/20,0.2,1
10/31/20,1.8,0.666666667
11/1/20,0.3,0.766666667
11/2/20,4.6,2.233333333
11/3/20,5.3,3.4
11/4/20,6.8,5.566666667
11/5/20,5.1,5.733333333
11/6/20,4.4,5.433333333
11/7/20,5.3,4.933333333
11/8/20,0.2,3.3
11/9/20,0.1,1.866666667
11/10/20,3.3,1.2
11/11/20,0,1.133333333
11/12/20,6.1,3.133333333
11/13/20,3.3,3.133333333
11/14/20,0,3.133333333
11/15/20,3.3,2.2
11/16/20,0.3,1.2
11/17/20,0.2,1.266666667
11/18/20,1.7,0.733333333
11/19/20,2.4,1.433333333
11/22/20,3.7,2.6
11/23/20,1,2.366666667
11/24/20,1.8,2.166666667
11/25/20,0,0.933333333
11/26/20,0.5,0.766666667
11/27/20,0,0.166666667
11/28/20,0,0.166666667
11/29/20,0,0
11/30/20,0,0
12/1/20,4.8,1.6
12/2/20,0.4,1.733333333
12/3/20,0,1.733333333
12/4/20,0,0.133333333
12/5/20,4,1.333333333
12/6/20,0,1.333333333
12/7/20,0,1.333333333
12/8/20,2.2,0.733333333
12/9/20,0,0.733333333
12/10/20,0,0.733333333
12/11/20,0.9,0.3
12/12/20,2.2,1.033333333
12/13/20,0,1.033333333
12/14/20,2.2,1.466666667
12/15/20,4.2,2.133333333
12/16/20,0,2.133333333
12/17/20,4.4,2.866666667
12/18/20,0,1.466666667
12/19/20,4.4,2.933333333
12/20/20,4.2,2.866666667
12/21/20,0,2.866666667
12/22/20,0,1.4
12/23/20,0.1,0.033333333
12/24/20,4.2,1.433333333
12/25/20,5.7,3.333333333
12/26/20,0,3.3
12/27/20,4.8,3.5
12/28/20,0,1.6
12/29/20,0.3,1.7
12/30/20,0.5,0.266666667
12/31/20,0.2,0.333333333
1/1/21,0,0.233333333
1/2/21,2.7,0.966666667
1/3/21,0.9,1.2
1/4/21,0,1.2
1/5/21,1,0.633333333
1/6/21,0.9,0.633333333
1/7/21,0,0.633333333
1/8/21,0,0.3
1/9/21,0,0
1/10/21,0,0
1/11/21,0.7,0.233333333
1/12/21,0,0.233333333
1/13/21,0,0.233333333
1/14/21,0,0
1/15/21,1.2,0.4
1/16/21,2.8,1.333333333
1/17/21,4,2.666666667
1/18/21,0.1,2.3
1/19/21,0,1.366666667
1/20/21,0,0.033333333
1/21/21,1.8,0.6
1/22/21,5.3,2.366666667
1/23/21,3.3,3.466666667
1/24/21,0.2,2.933333333
1/25/21,4.8,2.766666667
1/26/21,0,1.666666667
1/27/21,0,1.6
1/28/21,1,0.333333333
1/29/21,2.4,1.133333333
1/30/21,0,1.133333333
1/31/21,0.3,0.9
2/1/21,0,0.1
2/2/21,2.5,0.933333333
2/3/21,0.4,0.966666667
2/4/21,0,0.966666667
2/5/21,2.7,1.033333333
2/6/21,2,1.566666667
2/7/21,3.1,2.6
2/8/21,0,1.7
2/9/21,1,1.366666667
2/10/21,6.3,2.433333333
2/11/21,2.4,3.233333333
2/12/21,8.1,5.6
2/13/21,1.3,3.933333333
2/14/21,0,3.133333333
2/15/21,2.2,1.166666667
2/16/21,1,1.066666667
2/17/21,0.5,1.233333333
2/18/21,3.8,1.766666667
2/19/21,0,1.433333333
2/20/21,2,1.933333333
2/21/21,0.5,0.833333333
2/22/21,1.7,1.4
2/23/21,7.6,3.266666667
2/24/21,2,3.766666667
2/25/21,2.4,4
2/26/21,7.9,4.1
2/27/21,7.8,6.033333333
2/28/21,6.6,7.433333333
3/1/21,5.2,6.533333333
3/2/21,3,4.933333333
3/3/21,0,2.733333333
3/4/21,0,1
3/5/21,0.1,0.033333333
3/6/21,5.2,1.766666667
3/7/21,5.3,3.533333333
3/8/21,2.7,4.4
3/9/21,7.2,5.066666667
3/10/21,0,3.3
3/11/21,5.8,4.333333333
3/12/21,6,3.933333333
3/13/21,6.2,6
3/14/21,1.9,4.7
3/15/21,5,4.366666667
3/16/21,4.4,3.766666667
3/17/21,2.6,4
3/18/21,0,2.333333333
3/19/21,1.5,1.366666667
3/20/21,1,0.833333333
3/21/21,3,1.833333333
3/22/21,8.9,4.3
3/23/21,5.2,5.7
3/24/21,3.3,5.8
3/25/21,1.9,3.466666667
3/26/21,1.5,2.233333333
3/27/21,4.4,2.6
3/28/21,0.5,2.133333333
3/29/21,8.5,4.466666667
3/30/21,7,5.333333333
3/31/21,0.1,5.2
4/1/21,5.6,4.233333333
4/2/21,5.9,3.866666667
4/3/21,2.2,4.566666667
4/4/21,10.1,6.066666667
4/5/21,6.4,6.233333333
4/6/21,5.8,7.433333333
4/7/21,0.1,4.1
4/8/21,2.2,2.7
4/9/21,4.9,2.4
4/10/21,0,2.366666667
4/11/21,6,3.633333333
4/12/21,6.7,4.233333333
4/13/21,9.7,7.466666667
4/14/21,5.2,7.2
4/15/21,7.3,7.4
4/16/21,5.6,6.033333333
4/17/21,11.7,8.2
4/18/21,11.1,9.466666667
4/19/21,11.2,11.33333333
4/20/21,8.1,10.13333333
4/21/21,7.3,8.866666667
4/22/21,12.1,9.166666667
4/23/21,11.3,10.23333333
4/24/21,13.4,12.26666667
4/25/21,13.1,12.6
4/26/21,10.2,12.23333333
4/27/21,2.6,8.633333333
4/28/21,0,4.266666667
4/29/21,6.5,3.033333333
4/30/21,3.4,3.3
5/1/21,4.5,4.8
5/2/21,7.4,5.1
5/3/21,0.3,4.066666667
5/4/21,9.2,5.633333333
5/5/21,9,6.166666667
5/6/21,7.7,8.633333333
5/7/21,9.7,8.8
5/8/21,0,5.8
5/9/21,0.3,3.333333333
5/10/21,8.9,3.066666667
5/11/21,4.5,4.566666667
5/12/21,6.6,6.666666667
5/13/21,0,3.7
5/14/21,2,2.866666667
5/15/21,2.3,1.433333333
5/16/21,3.6,2.633333333
5/17/21,3.8,3.233333333
5/18/21,5.1,4.166666667
5/19/21,9,5.966666667
5/20/21,0.7,4.933333333
5/21/21,0,3.233333333
5/22/21,3,1.233333333
5/23/21,2.1,1.7
5/24/21,5.1,3.4
5/25/21,4.9,4.033333333
5/26/21,6.8,5.6
5/27/21,12.4,8.033333333
5/28/21,0,6.4
5/29/21,5.8,6.066666667
5/30/21,10.5,5.433333333
5/31/21,10,8.766666667
6/1/21,13.7,11.4
6/2/21,6.9,10.2
6/3/21,5.3,8.633333333
6/4/21,2.8,5
6/5/21,13.9,7.333333333
6/6/21,3.4,6.7
6/7/21,5.2,7.5
6/8/21,13.8,7.466666667
6/9/21,6.4,8.466666667
6/10/21,4.2,8.133333333
6/11/21,4.2,4.933333333
6/12/21,13.1,7.166666667
6/13/21,12.7,10
6/14/21,10.7,12.16666667
6/15/21,12.6,12
6/16/21,9.9,11.06666667
6/17/21,1.4,7.966666667
6/18/21,0,3.766666667
6/19/21,0,0.466666667
6/20/21,0,0
6/21/21,0,0
6/22/21,4.4,1.466666667
6/23/21,13,5.8
6/24/21,0.7,6.033333333
6/25/21,6.2,6.633333333
6/26/21,7.9,4.933333333
6/27/21,0,4.7
6/28/21,0,2.633333333
6/29/21,0.9,0.3
6/30/21,1.1,0.666666667
7/1/21,6.4,2.8
7/2/21,5.5,4.333333333
7/3/21,3.5,5.133333333
7/4/21,3.9,4.3
7/5/21,6.7,4.7
7/6/21,6.9,5.833333333
7/7/21,7,6.866666667
7/8/21,2.1,5.333333333
7/9/21,7.5,5.533333333
7/10/21,1.2,3.6
7/11/21,4.4,4.366666667
7/12/21,3,2.866666667
7/13/21,7.5,4.966666667
7/14/21,11.2,7.233333333
7/15/21,3.2,7.3
7/16/21,13.1,9.166666667
7/17/21,13.8,10.03333333
7/18/21,11.2,12.7
7/19/21,12.8,12.6
7/20/21,11.8,11.93333333
7/21/21,13.1,12.56666667
7/22/21,12.4,12.43333333
7/23/21,11.4,12.3
7/24/21,0.8,8.2
7/25/21,0.5,4.233333333
7/26/21,9.5,3.6
7/27/21,3.9,4.633333333
7/28/21,4.9,6.1
7/29/21,12,6.933333333
7/30/21,2.7,6.533333333
7/31/21,1.3,5.333333333
8/1/21,3.9,2.633333333
8/2/21,3.6,2.933333333
8/3/21,6.4,4.633333333
8/4/21,10.2,6.733333333
8/5/21,2.6,6.4
8/6/21,4.9,5.9
8/7/21,6.2,4.566666667
8/8/21,4.9,5.333333333
8/9/21,4.8,5.3
8/10/21,6.8,5.5
8/11/21,9.7,7.1
8/12/21,4.2,6.9
8/13/21,2.2,5.366666667
8/14/21,6.4,4.266666667
8/15/21,4.9,4.5
8/16/21,4.3,5.2
8/17/21,0,3.066666667
8/18/21,6.2,3.5
8/19/21,4.6,3.6
8/20/21,0.6,3.8
8/21/21,0,1.733333333
8/22/21,7.3,2.633333333
8/23/21,6.4,4.566666667
8/24/21,11.2,8.3
8/25/21,9,8.866666667
8/26/21,10.2,10.13333333
8/27/21,3.5,7.566666667
8/28/21,5.8,6.5
8/29/21,1.6,3.633333333
8/30/21,0,2.466666667
8/31/21,0.2,0.6
9/1/21,0.1,0.1
9/2/21,4.6,1.633333333
9/3/21,3.4,2.7
9/4/21,0.1,2.7
9/5/21,7.4,3.633333333
9/6/21,7,4.833333333
9/7/21,10.5,8.3
9/8/21,9.7,9.066666667
9/9/21,2.1,7.433333333
9/10/21,3.2,5
9/11/21,4.9,3.4
9/12/21,3.7,3.933333333
9/13/21,0.6,3.066666667
9/14/21,0.3,1.533333333
9/15/21,5.9,2.266666667
9/16/21,5.3,3.833333333
9/17/21,6.9,6.033333333
9/18/21,6.2,6.133333333
9/19/21,1.6,4.9
9/20/21,9.6,5.8
9/21/21,7.3,6.166666667
9/22/21,7.2,8.033333333
9/23/21,2.9,5.8
9/24/21,8.9,6.333333333
9/25/21,0,3.933333333
9/26/21,6.9,5.266666667
9/27/21,8,4.966666667
9/28/21,2.6,5.833333333
9/29/21,8.9,6.5
9/30/21,0.2,3.9
10/1/21,4.9,4.666666667
10/2/21,0,1.7
10/3/21,6,3.633333333
10/4/21,6.3,4.1
10/5/21,4.6,5.633333333
10/6/21,9.3,6.733333333
10/7/21,0.7,4.866666667
10/8/21,0,3.333333333
10/9/21,4.7,1.8
10/10/21,5.3,3.333333333
10/11/21,4,4.666666667
10/12/21,2,3.766666667
10/13/21,1.3,2.433333333
10/14/21,3.5,2.266666667
10/15/21,1.8,2.2
10/16/21,4.5,3.266666667
10/17/21,1.5,2.6
10/18/21,0.2,2.066666667
10/19/21,2.4,1.366666667
10/20/21,5.5,2.7
10/21/21,8,5.3
10/22/21,4.2,5.9
10/23/21,0.3,4.166666667
10/24/21,4,2.833333333
10/25/21,4.8,3.033333333
10/26/21,1,3.266666667
10/27/21,0.1,1.966666667
10/28/21,0.2,0.433333333
10/29/21,1.6,0.633333333
10/30/21,4.9,2.233333333
10/31/21,6,4.166666667
11/1/21,7.6,6.166666667
11/2/21,4.4,6
11/3/21,0.2,4.066666667
11/4/21,0.5,1.7
11/5/21,2.7,1.133333333
11/6/21,0,1.066666667
11/7/21,4.9,2.533333333
11/8/21,0,1.633333333
11/9/21,4.2,3.033333333
11/10/21,0,1.4
11/11/21,2.5,2.233333333
11/12/21,1.7,1.4
11/13/21,0.1,1.433333333
11/14/21,0,0.6
11/15/21,2.4,0.833333333
11/16/21,0,0.8
11/17/21,4.9,2.433333333
11/18/21,2.4,2.433333333
11/19/21,0,2.433333333
11/20/21,0.3,0.9
11/21/21,4.9,1.733333333
11/22/21,5.8,3.666666667
11/23/21,0.8,3.833333333
11/24/21,0,2.2
11/25/21,5.9,2.233333333
11/26/21,1.5,2.466666667
11/27/21,0,2.466666667
11/28/21,4.9,2.133333333
11/29/21,0.7,1.866666667
11/30/21,0.3,1.966666667
12/1/21,3.3,1.433333333
12/2/21,6.3,3.3
12/3/21,0.1,3.233333333
12/4/21,5.1,3.833333333
12/5/21,0.1,1.766666667
12/6/21,0,1.733333333
12/7/21,0,0.033333333
12/8/21,0.5,0.166666667
12/9/21,3.7,1.4
12/10/21,5.5,3.233333333
12/11/21,0,3.066666667
12/12/21,1.9,2.466666667
12/13/21,1,0.966666667
12/14/21,0.1,1
12/15/21,0,0.366666667
12/16/21,0,0.033333333
12/17/21,0.5,0.166666667
12/18/21,0,0.166666667
12/19/21,0,0.166666667
12/20/21,0,0
12/21/21,0,0
12/22/21,0,0
12/23/21,0,0
12/24/21,0,0
12/25/21,0,0
12/26/21,0,0
12/29/21,1,0.333333333
12/30/21,0,0.333333333
12/31/21,2.8,1.266666667
1/1/22,0.3,1.033333333
1/2/22,0.7,1.266666667
1/3/22,0,0.333333333
1/4/22,1.4,0.7
1/5/22,6.1,2.5
1/6/22,0.2,2.566666667
1/7/22,1.5,2.6
1/8/22,0,0.566666667
1/9/22,5.4,2.3
1/10/22,0,1.8
1/11/22,0,1.8
1/12/22,5,1.666666667
1/13/22,6.1,3.7
1/14/22,6.5,5.866666667
1/15/22,1.2,4.6
1/16/22,1.8,3.166666667
1/17/22,6.2,3.066666667
1/18/22,0.8,2.933333333
1/19/22,1.4,2.8
1/20/22,5.1,2.433333333
1/21/22,0,2.166666667
1/22/22,0,1.7
1/23/22,0,0
1/24/22,0,0
1/25/22,0,0
1/26/22,2.2,0.733333333
1/27/22,2.6,1.6
1/28/22,3,2.6
1/29/22,2.7,2.766666667
1/30/22,5.1,3.6
1/31/22,3.8,3.866666667
2/1/22,5.6,4.833333333
2/2/22,1.6,3.666666667
2/3/22,0,2.4
2/4/22,4.2,1.933333333
2/5/22,5,3.066666667
2/6/22,4.7,4.633333333
2/7/22,0.4,3.366666667
2/8/22,0.9,2
2/9/22,1.5,0.933333333
2/10/22,4,2.133333333
2/11/22,5.8,3.766666667
2/12/22,3.3,4.366666667
2/13/22,0,3.033333333
2/14/22,3.5,2.266666667
2/15/22,0,1.166666667
2/16/22,1.9,1.8
2/17/22,5.2,2.366666667
2/18/22,4.9,4
2/19/22,1.4,3.833333333
2/20/22,0,2.1
2/21/22,3.6,1.666666667
2/22/22,3.7,2.433333333
2/23/22,1.1,2.8
2/24/22,5.3,3.366666667
2/25/22,8.4,4.933333333
2/26/22,9.6,7.766666667
2/27/22,8.7,8.9
2/28/22,0,6.1
3/1/22,0,2.9
3/2/22,0,0
3/3/22,0.1,0.033333333
3/4/22,0.2,0.1
3/5/22,0,0.1
3/6/22,2.5,0.9
3/7/22,7.9,3.466666667
3/8/22,8.5,6.3
3/9/22,7.3,7.9
3/10/22,5.2,7
3/11/22,0,4.166666667
3/12/22,8.2,4.466666667
3/13/22,4.4,4.2
3/14/22,8.3,6.966666667
3/15/22,1.6,4.766666667
3/16/22,0.1,3.333333333
3/17/22,8.9,3.533333333
3/18/22,7.6,5.533333333
3/19/22,10.6,9.033333333
3/20/22,10.4,9.533333333
3/21/22,5.5,8.833333333
3/22/22,9.5,8.466666667
3/23/22,8.9,7.966666667
3/24/22,9.2,9.2
3/25/22,8.6,8.9
3/26/22,9.5,9.1
3/27/22,1.1,6.4
3/28/22,4.2,4.933333333
3/29/22,0,1.766666667
3/30/22,0,1.4
3/31/22,6.3,2.1
4/1/22,10.5,5.6
4/2/22,7.7,8.166666667
4/3/22,5.2,7.8
4/4/22,0,4.3
4/5/22,2.1,2.433333333
4/6/22,3.4,1.833333333
4/7/22,10.6,5.366666667
4/8/22,6,6.666666667
4/9/22,10,8.866666667
4/10/22,7.3,7.766666667
4/11/22,6.7,8
4/12/22,1.9,5.3
4/13/22,2.5,3.7
4/14/22,1.3,1.9
4/15/22,11,4.933333333
4/16/22,9.5,7.266666667
4/17/22,10.3,10.26666667
4/18/22,9.7,9.833333333
4/19/22,3.4,7.8
4/20/22,8.4,7.166666667
4/21/22,11.5,7.766666667
4/22/22,0.6,6.833333333
4/23/22,9.4,7.166666667
4/24/22,11.2,7.066666667
4/25/22,7.1,9.233333333
4/26/22,7.6,8.633333333
4/27/22,0,4.9
4/28/22,0.8,2.8
4/29/22,1.1,0.633333333
4/30/22,10.4,4.1
5/1/22,0,3.833333333
5/2/22,0.7,3.7
5/3/22,1.1,0.6
5/4/22,2.8,1.533333333
5/5/22,8.6,4.166666667
5/6/22,7.1,6.166666667
5/7/22,7,7.566666667
5/8/22,8.2,7.433333333
5/9/22,7.5,7.566666667
5/10/22,5.3,7
5/11/22,2.5,5.1
5/12/22,10,5.933333333
5/13/22,7.8,6.766666667
5/14/22,11.4,9.733333333
5/15/22,0,6.4
5/16/22,4.1,5.166666667
5/17/22,10.8,4.966666667
5/18/22,6.1,7
5/19/22,8.8,8.566666667
5/20/22,4.8,6.566666667
5/21/22,7.3,6.966666667
5/22/22,10.2,7.433333333
5/23/22,2.5,6.666666667
5/24/22,9,7.233333333
5/25/22,3.8,5.1
5/26/22,1.9,4.9
5/27/22,13.5,6.4
5/28/22,10.1,8.5
5/29/22,8,10.53333333
5/30/22,2.7,6.933333333
5/31/22,3.6,4.766666667
6/1/22,8.6,4.966666667
6/2/22,10.3,7.5
6/3/22,2.6,7.166666667
6/4/22,4.7,5.866666667
6/5/22,0,2.433333333
6/6/22,0.6,1.766666667
6/7/22,7.5,2.7
6/8/22,9.9,6
6/9/22,2.3,6.566666667
6/10/22,13.1,8.433333333
6/11/22,14,9.8
6/12/22,10.7,12.6
6/13/22,8,10.9
6/14/22,13.6,10.76666667
6/15/22,13.3,11.63333333
6/16/22,11.8,12.9
6/17/22,13.2,12.76666667
6/18/22,0.7,8.566666667
6/19/22,2.3,5.4
6/20/22,12.5,5.166666667
6/21/22,13.4,9.4
6/22/22,12.8,12.9
6/23/22,1.8,9.333333333
6/24/22,2.6,5.733333333
6/25/22,12,5.466666667
6/26/22,13.4,9.333333333
6/27/22,5.8,10.4
6/28/22,11.2,10.13333333
6/29/22,5.2,7.4
6/30/22,6.7,7.7
7/1/22,5.6,5.833333333
7/2/22,2.5,4.933333333
7/3/22,8.2,5.433333333
7/4/22,9.1,6.6
7/5/22,5.8,7.7
7/6/22,3.4,6.1
7/7/22,7.7,5.633333333
7/8/22,12.1,7.733333333
7/9/22,11.7,10.5
7/10/22,13.4,12.4
7/11/22,12.2,12.43333333
7/12/22,1.5,9.033333333
7/13/22,10.7,8.133333333
7/14/22,14.1,8.766666667
7/15/22,10.8,11.86666667
7/16/22,13.1,12.66666667
7/17/22,12.5,12.13333333
7/18/22,12.4,12.66666667
7/19/22,11.2,12.03333333
7/20/22,3.2,8.933333333
7/21/22,2.5,5.633333333
7/22/22,3.1,2.933333333
7/23/22,5.9,3.833333333
7/24/22,7.5,5.5
7/25/22,1.5,4.966666667
7/26/22,4.1,4.366666667
7/27/22,4.8,3.466666667
7/28/22,2.3,3.733333333
7/29/22,8.3,5.133333333
7/30/22,0.3,3.633333333
7/31/22,2.8,3.8
8/1/22,7.6,3.566666667
8/2/22,1.9,4.1
8/3/22,2.4,3.966666667
8/4/22,6.2,3.5
8/5/22,12,6.866666667
8/6/22,14,10.73333333
8/7/22,14,13.33333333
8/8/22,12.2,13.4
8/9/22,12.7,12.96666667
8/10/22,13.1,12.66666667
8/11/22,12.6,12.8
8/12/22,13.2,12.96666667
8/13/22,12.5,12.76666667
8/14/22,9.4,11.7
8/15/22,6,9.3
8/16/22,1,5.466666667
8/17/22,1.9,2.966666667
8/18/22,3,1.966666667
8/19/22,11.65,5.516666667
8/20/22,10,8.216666667
8/21/22,5.9,9.183333333
8/22/22,3.1,6.333333333
8/23/22,5,4.666666667
8/24/22,9.8,5.966666667
8/25/22,1.4,5.4
8/26/22,5.7,5.633333333
8/27/22,8.8,5.3
8/28/22,6.7,7.066666667
8/29/22,6.8,7.433333333
8/30/22,8,7.166666667
8/31/22,5.4,6.733333333
9/1/22,0.4,4.6
9/2/22,0.5,2.1
9/3/22,2.8,1.233333333
9/4/22,1.4,1.566666667
9/5/22,4.5,2.9
9/6/22,4.2,3.366666667
9/7/22,7.4,5.366666667
9/8/22,1.4,4.333333333
9/9/22,2.4,3.733333333
9/10/22,3.5,2.433333333
9/11/22,5.2,3.7
9/12/22,3.7,4.133333333
9/13/22,0,2.966666667
9/14/22,7.9,3.866666667
9/15/22,2.3,3.4
9/16/22,9.4,6.533333333
9/17/22,10.3,7.333333333
9/18/22,6,8.566666667
9/19/22,1.3,5.866666667
9/20/22,2.4,3.233333333
9/21/22,1.8,1.833333333
9/22/22,4.9,3.033333333
9/23/22,3.8,3.5
9/24/22,6.7,5.133333333
9/25/22,4.4,4.966666667
9/26/22,4.7,5.266666667
9/27/22,3,4.033333333
9/28/22,8.8,5.5
9/29/22,4.5,5.433333333
9/30/22,0.4,4.566666667
10/1/22,7.9,4.266666667
10/2/22,5.2,4.5
10/3/22,1.8,4.966666667
10/4/22,1.6,2.866666667
10/5/22,1.5,1.633333333
10/6/22,9.1,4.066666667
10/7/22,5,5.2
10/8/22,9.6,7.9
10/9/22,7.4,7.333333333
10/10/22,8.8,8.6
10/11/22,7.5,7.9
10/12/22,2.2,6.166666667
10/13/22,5,4.9
10/14/22,0.5,2.566666667
10/15/22,5.4,3.633333333
10/16/22,6.5,4.133333333
10/17/22,6.6,6.166666667
10/18/22,6.3,6.466666667
10/19/22,4.1,5.666666667
10/20/22,1.8,4.066666667
10/21/22,2.4,2.766666667
10/22/22,2.8,2.333333333
10/23/22,4.9,3.366666667
10/24/22,5.4,4.366666667
10/25/22,4.6,4.966666667
10/26/22,5.9,5.3
10/27/22,5.1,5.2
10/28/22,5.8,5.6
10/29/22,3.1,4.666666667
10/30/22,2.5,3.8
10/31/22,2.4,2.666666667
11/1/22,4.8,3.233333333
11/2/22,2.4,3.2
11/3/22,1.8,3
11/4/22,6.9,3.7
11/5/22,0,2.9
11/6/22,0.8,2.566666667
11/7/22,0.2,0.333333333
11/8/22,4.3,1.766666667
11/9/22,3.9,2.8
11/10/22,0,2.733333333
11/11/22,1,1.633333333
11/12/22,5.7,2.233333333
11/13/22,5.3,4
11/14/22,1.3,4.1
11/15/22,1.8,2.8
11/16/22,3.4,2.166666667
11/17/22,1.2,2.133333333
11/18/22,4.9,3.166666667
11/19/22,3.4,3.166666667
11/20/22,4.2,4.166666667
11/21/22,0,2.533333333
11/22/22,5.6,3.266666667
11/23/22,5.2,3.6
11/24/22,0.9,3.9
11/25/22,6.3,4.133333333
11/26/22,0.3,2.5
11/27/22,0,2.2
11/28/22,2.5,0.933333333
11/29/22,0,0.833333333
11/30/22,1.7,1.4
12/1/22,0,0.566666667
12/2/22,0,0.566666667
12/3/22,0,0
12/4/22,0,0
12/5/22,0.1,0.033333333
12/6/22,3.5,1.2
12/7/22,3.9,2.5
12/8/22,5.2,4.2
12/9/22,3.3,4.133333333
12/10/22,3.5,4
12/11/22,0,2.266666667
12/12/22,0,1.166666667
12/13/22,0,0
12/14/22,0,0
12/15/22,1.5,0.5
12/16/22,1.3,0.933333333
12/17/22,1.4,1.4
12/18/22,0,0.9
12/19/22,0,0.466666667
12/20/22,4.8,1.6
12/21/22,1.1,1.966666667
12/22/22,0,1.966666667
12/23/22,1,0.7
12/24/22,0,0.333333333
12/25/22,0,0.333333333
12/26/22,1.2,0.4
12/27/22,0,0.4
12/28/22,0,0.4
12/29/22,2.7,0.9
12/30/22,0,0.9
12/31/22,0,0.9
1/1/23,0,0
1/2/23,4.9,1.633333333
1/3/23,0,1.633333333
1/4/23,0.5,1.8
1/5/23,0.2,0.233333333
1/6/23,1.4,0.7
1/7/23,0,0.533333333
1/8/23,0.3,0.566666667
1/9/23,4.1,1.466666667
1/10/23,0,1.466666667
1/11/23,1.8,1.966666667
1/12/23,0.3,0.7
1/13/23,6.6,2.9
1/14/23,0,2.3
1/15/23,5.8,4.133333333
1/16/23,1.6,2.466666667
1/17/23,0.4,2.6
1/18/23,5.6,2.533333333
1/19/23,4.5,3.5
1/20/23,4.3,4.8
1/21/23,0,2.933333333
1/22/23,0.9,1.733333333
1/23/23,4.4,1.766666667
1/24/23,1.3,2.2
1/25/23,0,1.9
1/26/23,0.9,0.733333333
1/27/23,0.8,0.566666667
1/28/23,0,0.566666667
1/29/23,0,0.266666667
1/30/23,5.4,1.8
1/31/23,4.2,3.2
2/1/23,2,3.866666667
2/2/23,1.3,2.5
2/3/23,1.1,1.466666667
2/4/23,0,0.8
2/5/23,5.6,2.233333333
2/6/23,7.3,4.3
2/7/23,7.2,6.7
2/8/23,6.2,6.9
2/9/23,4.2,5.866666667
2/10/23,2.7,4.366666667
2/11/23,0.1,2.333333333
2/12/23,0,0.933333333
2/13/23,5.3,1.8
2/14/23,3.6,2.966666667
2/15/23,7.2,5.366666667
2/16/23,0.1,3.633333333
2/17/23,2.4,3.233333333
2/18/23,0.2,0.9
2/19/23,6.5,3.033333333
2/20/23,2.5,3.066666667
2/21/23,0,3
2/22/23,1.5,1.333333333
2/23/23,0.2,0.566666667
2/24/23,1.5,1.066666667
2/25/23,2.1,1.266666667
2/26/23,7.3,3.633333333
2/27/23,1.6,3.666666667
2/28/23,0.7,3.2
3/1/23,1.5,1.266666667
3/2/23,8.4,3.533333333
3/3/23,0,3.3
3/4/23,0,2.8
3/5/23,0.1,0.033333333
3/6/23,0.2,0.1
3/7/23,1.1,0.466666667
3/8/23,0,0.433333333
3/9/23,0,0.366666667
3/10/23,1.4,0.466666667
3/11/23,1.3,0.9
3/12/23,1.5,1.4
3/13/23,4.3,2.366666667
3/14/23,7.1,4.3
3/15/23,0,3.8
3/16/23,1.1,2.733333333
3/17/23,4.1,1.733333333
3/18/23,1.8,2.333333333
3/19/23,0.7,2.2
3/20/23,0,0.833333333
3/21/23,4.9,1.866666667
3/22/23,3.6,2.833333333
3/23/23,4.5,4.333333333
3/24/23,7.1,5.066666667
3/25/23,8.2,6.6
3/26/23,0.2,5.166666667
3/27/23,8.6,5.666666667
3/28/23,0,2.933333333
3/29/23,0,2.866666667
3/30/23,5.8,1.933333333
3/31/23,0.2,2
4/1/23,0.9,2.3
4/2/23,5.2,2.1
4/3/23,10.1,5.4
4/4/23,10.2,8.5
4/5/23,2.6,7.633333333
4/6/23,5.4,6.066666667
4/7/23,11.1,6.366666667
4/8/23,10.5,9
4/9/23,5.5,9.033333333
4/10/23,5.8,7.266666667
4/11/23,5.2,5.5
4/12/23,5.5,5.5
4/13/23,11.8,7.5
4/14/23,1.6,6.3
4/15/23,4.9,6.1
4/16/23,0.5,2.333333333
4/17/23,3.1,2.833333333
4/18/23,5.2,2.933333333
4/19/23,6.2,4.833333333
4/20/23,10.6,7.333333333
4/21/23,1.6,6.133333333
4/22/23,2.5,4.9
4/23/23,1.9,2
4/24/23,0.3,1.566666667
4/25/23,10.4,4.2
4/26/23,0.3,3.666666667
4/27/23,0,3.566666667
4/28/23,2.3,0.866666667
4/29/23,9.8,4.033333333
4/30/23,1,4.366666667
5/1/23,5.1,5.3
5/2/23,3.2,3.1
5/3/23,12.6,6.966666667
5/4/23,3.5,6.433333333
5/5/23,4.3,6.8
5/6/23,0,2.6
5/7/23,6.6,3.633333333
5/8/23,0,2.2
5/9/23,1.7,2.766666667
5/10/23,6.2,2.633333333
5/11/23,8.4,5.433333333
5/12/23,1.5,5.366666667
5/13/23,0,3.3
5/14/23,6.4,2.633333333
5/15/23,10.5,5.633333333
5/16/23,10.9,9.266666667
5/17/23,8.4,9.933333333
5/18/23,6.5,8.6
5/19/23,4.2,6.366666667
5/20/23,13.5,8.066666667
5/21/23,12.1,9.933333333
5/22/23,6.7,10.76666667
5/23/23,7,8.6
5/24/23,13,8.9
5/25/23,12.4,10.8
5/26/23,13.1,12.83333333
5/27/23,12.5,12.66666667
5/28/23,9.8,11.8
5/29/23,13.2,11.83333333
5/30/23,6.4,9.8
5/31/23,4.7,8.1
6/1/23,6.2,5.766666667
6/2/23,9.5,6.8
6/3/23,10.1,8.6
6/4/23,13,10.86666667
6/5/23,6.4,9.833333333
6/6/23,0.3,6.566666667
6/7/23,9,5.233333333
6/8/23,11.8,7.033333333
6/9/23,13.8,11.53333333
6/10/23,9.5,11.7
6/11/23,6.5,9.933333333
6/12/23,6.2,7.4
6/13/23,13.3,8.666666667
6/14/23,13.6,11.03333333
6/15/23,12.8,13.23333333
6/16/23,12.8,13.06666667
6/17/23,3.2,9.6
6/18/23,1.6,5.866666667
6/19/23,9.9,4.9
6/20/23,4.5,5.333333333
6/21/23,9.1,7.833333333
6/22/23,12.7,8.766666667
6/23/23,7.9,9.9
6/24/23,7.2,9.266666667
6/25/23,13.5,9.533333333
6/26/23,6.5,9.066666667
6/27/23,0.9,6.966666667
6/28/23,1.1,2.833333333
6/29/23,8.5,3.5
6/30/23,0.1,3.233333333
7/1/23,4.1,4.233333333
7/2/23,10.2,4.8
7/3/23,4.6,6.3
7/4/23,0.2,5
7/5/23,6.7,3.833333333
7/6/23,8.9,5.266666667
7/7/23,13.1,9.566666667
7/8/23,4,8.666666667
7/9/23,8.7,8.6
7/10/23,5.2,5.966666667
7/11/23,2.9,5.6
7/12/23,7.6,5.233333333
7/13/23,2.8,4.433333333
7/14/23,0.5,3.633333333
7/15/23,8.2,3.833333333
7/16/23,7.1,5.266666667
7/17/23,11.7,9
7/18/23,2.6,7.133333333
7/19/23,7.3,7.2
7/20/23,8,5.966666667
7/21/23,5.4,6.9
7/22/23,0,4.466666667
7/23/23,5.9,3.766666667
7/24/23,0,1.966666667
7/25/23,7.1,4.333333333
7/26/23,6,4.366666667
7/27/23,4.6,5.9
7/28/23,2.1,4.233333333
7/29/23,10.6,5.766666667
7/30/23,3.5,5.4
7/31/23,2.2,5.433333333
8/1/23,8.6,4.766666667
8/2/23,4.7,5.166666667
8/3/23,6.6,6.633333333
8/4/23,0.9,4.066666667
8/5/23,0.8,2.766666667